Query,Volume,Intent,Segment,Cluster Name,Target URL,Page Type,Priority,Status
корейская косметика,180500,Commercial,Country-Origin,Корейская косметика - Общие,https://mhave.ru/brands/troiareuke/,brand,High,active
патчи для глаз,145000,Commercial,General-Category,Патчи для глаз,https://mhave.ru/catalog/kosmetika/sredstva-dlya-litsa/dlya-kozhi-vokrug-glaz/patchi/,catalog_section,High,active
крем от морщин,98000,Commercial,Problem-Skin,Омоложение & Борьба с морщинами,https://mhave.ru/catalog/kosmetika/sredstva-dlya-litsa/uvlazhnenie-i-pitanie/,catalog_section,High,active
купить коллаген,85000,Commercial,Supplements,Коллаген и добавки для кожи,https://mhave.ru/catalog/pishchevye-dobavki/peptidnyy-kollagen/,catalog_section,High,active
купить корейскую косметику,45200,Commercial,Country-Origin,Корейская косметика - Общие,https://mhave.ru/brands/troiareuke/,brand,High,active
патчи под глаза,45000,Commercial,General-Category,Патчи для глаз,https://mhave.ru/catalog/kosmetika/sredstva-dlya-litsa/dlya-kozhi-vokrug-glaz/patchi/,catalog_section,High,active
крем от пигментных пятен,41200,Commercial,Problem-Skin,Борьба с пигментацией,https://mhave.ru/catalog/kosmetika/sredstva-dlya-litsa/syvorotki-i-kontsentraty1/,catalog_section,High,active
питьевой коллаген,41000,Commercial,Supplements,Коллаген и добавки для кожи,https://mhave.ru/catalog/pishchevye-dobavki/peptidnyy-kollagen/,catalog_section,High,active
сыворотка с ретинолом,38500,Commercial,Active-Ingredient,Средства с ретинолом,https://mhave.ru/catalog/kosmetika/sredstva-dlya-litsa/syvorotki-i-kontsentraty1/,catalog_section,High,active
крем для лица антивозрастной,38200,Commercial,General-Category,Омоложение & Борьба с морщинами,https://mhave.ru/catalog/kosmetika/sredstva-dlya-litsa/uvlazhnenie-i-pitanie/,catalog_section,High,active
корейская косметика интернет магазин,38100,Commercial,Country-Origin,Корейская косметика - Общие,https://mhave.ru/brands/troiareuke/,brand,High,active
купить патчи для глаз,32000,Commercial,General-Category,Патчи для глаз,https://mhave.ru/catalog/kosmetika/sredstva-dlya-litsa/dlya-kozhi-vokrug-glaz/patchi/,catalog_section,High,active
крем от акне,31000,Commercial,Problem-Skin,Уход за проблемной кожей (Акне),https://mhave.ru/brands/acsen/,brand,High,active
лифтинг крем для лица,29400,Commercial,General-Category,Омоложение & Борьба с морщинами,https://mhave.ru/catalog/kosmetika/sredstva-dlya-litsa/uvlazhnenie-i-pitanie/,catalog_section,High,active
коллаген для кожи,29000,Commercial,Supplements,Коллаген и добавки для кожи,https://mhave.ru/catalog/pishchevye-dobavki/peptidnyy-kollagen/,catalog_section,High,active
крем вокруг глаз от морщин,28400,Commercial,Problem-Skin,Омоложение & Борьба с морщинами,https://mhave.ru/catalog/kosmetika/sredstva-dlya-litsa/uvlazhnenie-i-pitanie/,catalog_section,High,active
крем с пептидами для лица,28400,Commercial,Active-Ingredient,Косметика с пептидами,https://mhave.ru/catalog/kosmetika/sredstva-dlya-litsa/syvorotki-i-kontsentraty1/,catalog_section,High,active
корейский крем для лица,24100,Commercial,Country-Origin,Корейская косметика - Общие,https://mhave.ru/brands/troiareuke/,brand,High,active
сыворотка от морщин,24100,Commercial,Problem-Skin,Омоложение & Борьба с морщинами,https://mhave.ru/catalog/kosmetika/sredstva-dlya-litsa/uvlazhnenie-i-pitanie/,catalog_section,High,active
коллаген с витамином с,24000,Commercial,Supplements,Коллаген и добавки для кожи,https://mhave.ru/catalog/pishchevye-dobavki/peptidnyy-kollagen/,catalog_section,High,active
сыворотка от пигментации,22100,Commercial,Problem-Skin,Борьба с пигментацией,https://mhave.ru/catalog/kosmetika/sredstva-dlya-litsa/syvorotki-i-kontsentraty1/,catalog_section,High,active
ретинол крем для лица,22100,Commercial,Active-Ingredient,Средства с ретинолом,https://mhave.ru/catalog/kosmetika/sredstva-dlya-litsa/syvorotki-i-kontsentraty1/,catalog_section,High,active
сыворотка с кислотами для лица,21500,Commercial,Active-Ingredient,Средства с AHA/BHA/PHA кислотами,https://mhave.ru/catalog/kosmetika/sredstva-dlya-litsa/syvorotki-i-kontsentraty1/,catalog_section,High,active
корейская косметика бренды,19600,Commercial,Country-Origin,Корейская косметика - Общие,https://mhave.ru/brands/troiareuke/,brand,High,active
косметика для проблемной кожи,19400,Commercial,General-Category,Уход за проблемной кожей (Акне),https://mhave.ru/catalog/kosmetika/sredstva-dlya-litsa/syvorotki-i-kontsentraty1/spetsialnyy-ukhod2/tochechnaya-syvorotka-acsen-dlya-problemnoy-kozhi/,catalog_product,High,active
крем с ретинолом купить,19400,Commercial,Active-Ingredient,Средства с ретинолом,https://mhave.ru/catalog/kosmetika/sredstva-dlya-litsa/syvorotki-i-kontsentraty1/,catalog_section,High,active
сыворотка от пигментных пятен,19200,Commercial,Problem-Skin,Борьба с пигментацией,https://mhave.ru/catalog/kosmetika/sredstva-dlya-litsa/syvorotki-i-kontsentraty1/,catalog_section,High,active
сыворотка с пептидами,19100,Commercial,Active-Ingredient,Косметика с пептидами,https://mhave.ru/catalog/kosmetika/sredstva-dlya-litsa/syvorotki-i-kontsentraty1/,catalog_section,High,active
корейские патчи для глаз,18400,Commercial,Country-Origin,Патчи для глаз,https://mhave.ru/catalog/kosmetika/sredstva-dlya-litsa/dlya-kozhi-vokrug-glaz/patchi/,catalog_section,High,active
ретинол для лица отзывы,18400,Informational,Active-Ingredient,Средства с ретинолом,https://mhave.ru/catalog/kosmetika/sredstva-dlya-litsa/syvorotki-i-kontsentraty1/,catalog_section,High,active
средства от пигментации,18300,Commercial,Problem-Skin,Борьба с пигментацией,https://mhave.ru/catalog/kosmetika/sredstva-dlya-litsa/syvorotki-i-kontsentraty1/,catalog_section,High,active
пилинг с aha bha кислотами,15400,Commercial,Active-Ingredient,Средства с AHA/BHA/PHA кислотами,https://mhave.ru/catalog/kosmetika/sredstva-dlya-litsa/syvorotki-i-kontsentraty1/,catalog_section,High,active
коллаген питьевой купить,15400,Commercial,Supplements,Коллаген и добавки для кожи,https://mhave.ru/catalog/pishchevye-dobavki/peptidnyy-kollagen/,catalog_section,High,active
патчи от отеков,15400,Commercial,Problem-Skin,Патчи для глаз,https://mhave.ru/catalog/kosmetika/sredstva-dlya-litsa/dlya-kozhi-vokrug-glaz/patchi/,catalog_section,High,active
отбеливающий крем от пигментных пятен,15400,Commercial,Problem-Skin,Борьба с пигментацией,https://mhave.ru/catalog/kosmetika/sredstva-dlya-litsa/syvorotki-i-kontsentraty1/,catalog_section,High,active
корейская косметика москва,15300,Geo,Country-Origin,Корейская косметика - Общие,https://mhave.ru/brands/troiareuke/,brand,High,active
средства от акне,15200,Commercial,Problem-Skin,Уход за проблемной кожей (Акне),https://mhave.ru/brands/acsen/,brand,High,active
led маска,14200,Commercial,General-Category,Светодиодные LED маски & Фототерапия,https://mhave.ru/catalog/aksessuary/svetodiodnaya-led-maska-dlya-litsa-lifotronic-raymore-50e-dlya-fototerapii-liftinga-i-omolozheniya-k/,catalog_product,High,active
антивозрастная косметика,14200,Commercial,General-Category,Омоложение & Борьба с морщинами,https://mhave.ru/catalog/kosmetika/sredstva-dlya-litsa/uvlazhnenie-i-pitanie/,catalog_section,High,active
уход за проблемной кожей лица,14100,Commercial,General-Category,Уход за проблемной кожей (Акне),https://mhave.ru/catalog/kosmetika/sredstva-dlya-litsa/syvorotki-i-kontsentraty1/spetsialnyy-ukhod2/,catalog_section,High,active
магний таурат,12500,Commercial,Supplements,Магний Таурат & Поддержка нервной системы,https://mhave.ru/catalog/pishchevye-dobavki/magniy-taurat/,catalog_section,High,active
косметика от акне,12500,Commercial,Problem-Skin,Уход за проблемной кожей (Акне),https://mhave.ru/brands/acsen/,brand,High,active
профессиональная корейская косметика,12400,Commercial,Country-Origin,Корейская косметика - Общие,https://mhave.ru/brands/troiareuke/,brand,High,active
косметика с ретинолом,12400,Commercial,Active-Ingredient,Средства с ретинолом,https://mhave.ru/catalog/kosmetika/sredstva-dlya-litsa/syvorotki-i-kontsentraty1/,catalog_section,High,active
умывалка для проблемной кожи,11400,Commercial,General-Category,Уход за проблемной кожей (Акне),https://mhave.ru/catalog/kosmetika/sredstva-dlya-litsa/syvorotki-i-kontsentraty1/spetsialnyy-ukhod2/tochechnaya-syvorotka-acsen-dlya-problemnoy-kozhi/,catalog_product,High,active
крем от морщин купить,11200,Commercial,Problem-Skin,Омоложение & Борьба с морщинами,https://mhave.ru/catalog/kosmetika/sredstva-dlya-litsa/uvlazhnenie-i-pitanie/,catalog_section,High,active
патчи от морщин,11200,Commercial,Problem-Skin,Омоложение & Борьба с морщинами,https://mhave.ru/catalog/kosmetika/sredstva-dlya-litsa/dlya-kozhi-vokrug-glaz/patchi/,catalog_section,High,active
косметика с пептидами,11200,Commercial,Active-Ingredient,Косметика с пептидами,https://mhave.ru/catalog/kosmetika/sredstva-dlya-litsa/syvorotki-i-kontsentraty1/,catalog_section,High,active
led маска для лица,11100,Commercial,General-Category,Светодиодные LED маски & Фототерапия,https://mhave.ru/catalog/aksessuary/svetodiodnaya-led-maska-dlya-litsa-lifotronic-raymore-50e-dlya-fototerapii-liftinga-i-omolozheniya-k/,catalog_product,High,active
тоник с aha кислотами,9800,Commercial,Active-Ingredient,Средства с AHA/BHA/PHA кислотами,https://mhave.ru/catalog/kosmetika/sredstva-dlya-litsa/syvorotki-i-kontsentraty1/,catalog_section,High,active
лучшая корейская косметика,9800,Commercial,Country-Origin,Корейская косметика - Общие,https://mhave.ru/brands/troiareuke/,brand,High,active
гидрогелевые патчи,9800,Commercial,General-Category,Патчи для глаз,https://mhave.ru/catalog/kosmetika/sredstva-dlya-litsa/dlya-kozhi-vokrug-glaz/patchi/,catalog_section,High,active
сыворотка от акне,9800,Commercial,Problem-Skin,Уход за проблемной кожей (Акне),https://mhave.ru/brands/acsen/,brand,High,active
лед маска,9300,Commercial,General-Category,Светодиодные LED маски & Фототерапия,https://mhave.ru/catalog/aksessuary/svetodiodnaya-led-maska-dlya-litsa-lifotronic-raymore-50e-dlya-fototerapii-liftinga-i-omolozheniya-k/,catalog_product,High,active
пенка для умывания от прыщей,9300,Commercial,Problem-Skin,Уход за проблемной кожей (Акне),https://mhave.ru/brands/acsen/,brand,High,active
коллаген в стиках,9200,Commercial,Supplements,Коллаген и добавки для кожи,https://mhave.ru/catalog/pishchevye-dobavki/peptidnyy-kollagen/,catalog_section,High,active
крем для век с пептидами,9200,Commercial,Active-Ingredient,Косметика с пептидами,https://mhave.ru/catalog/kosmetika/sredstva-dlya-litsa/syvorotki-i-kontsentraty1/,catalog_section,High,active
корейская косметика для лица,8700,Commercial,Country-Origin,Корейская косметика - Общие,https://mhave.ru/brands/troiareuke/,brand,High,active
косметика от морщин,8500,Commercial,Problem-Skin,Омоложение & Борьба с морщинами,https://mhave.ru/catalog/kosmetika/sredstva-dlya-litsa/uvlazhnenie-i-pitanie/,catalog_section,High,active
косметика для лица от прыщей,8500,Commercial,Problem-Skin,Уход за проблемной кожей (Акне),https://mhave.ru/brands/acsen/,brand,High,active
швейцарская косметика,8500,Commercial,Country-Origin,Швейцарская косметика - Общие,https://mhave.ru/brands/atb-lab/,brand,High,active
косметика с кислотами,8300,Commercial,Active-Ingredient,Средства с AHA/BHA/PHA кислотами,https://mhave.ru/catalog/kosmetika/sredstva-dlya-litsa/syvorotki-i-kontsentraty1/,catalog_section,High,active
коллаген порошок купить,8300,Commercial,Supplements,Коллаген и добавки для кожи,https://mhave.ru/catalog/pishchevye-dobavki/peptidnyy-kollagen/,catalog_section,High,active
средства от пигментных пятен на лице,8300,Commercial,Problem-Skin,Борьба с пигментацией,https://mhave.ru/catalog/kosmetika/sredstva-dlya-litsa/syvorotki-i-kontsentraty1/,catalog_section,High,active
лед маска для лица,7200,Commercial,General-Category,Светодиодные LED маски & Фототерапия,https://mhave.ru/catalog/aksessuary/svetodiodnaya-led-maska-dlya-litsa-lifotronic-raymore-50e-dlya-fototerapii-liftinga-i-omolozheniya-k/,catalog_product,High,active
косметика от пигментации,7200,Commercial,Problem-Skin,Борьба с пигментацией,https://mhave.ru/catalog/kosmetika/sredstva-dlya-litsa/syvorotki-i-kontsentraty1/,catalog_section,High,active
лучший питьевой коллаген,7100,Informational,Supplements,Коллаген и добавки для кожи,https://mhave.ru/catalog/pishchevye-dobavki/peptidnyy-kollagen/,catalog_section,High,active
сыворотка с лифтинг эффектом,6400,Commercial,General-Category,Омоложение & Борьба с морщинами,https://mhave.ru/catalog/kosmetika/sredstva-dlya-litsa/uvlazhnenie-i-pitanie/,catalog_section,High,active
крем для лица с aha кислотами,6200,Commercial,Active-Ingredient,Средства с AHA/BHA/PHA кислотами,https://mhave.ru/catalog/kosmetika/sredstva-dlya-litsa/syvorotki-i-kontsentraty1/,catalog_section,High,active
корейская уходовая косметика,5400,Commercial,Country-Origin,Корейская косметика - Общие,https://mhave.ru/brands/troiareuke/,brand,High,active
сыворотка с ретинолом для лица купить,5400,Commercial,Active-Ingredient,Средства с ретинолом,https://mhave.ru/catalog/kosmetika/sredstva-dlya-litsa/syvorotki-i-kontsentraty1/,catalog_section,High,active
светодиодная маска для лица,4800,Commercial,General-Category,Светодиодные LED маски & Фототерапия,https://mhave.ru/catalog/aksessuary/svetodiodnaya-led-maska-dlya-litsa-lifotronic-raymore-50e-dlya-fototerapii-liftinga-i-omolozheniya-k/,catalog_product,High,active
корейские гидрогелевые патчи,4800,Commercial,Country-Origin,Патчи для глаз,https://mhave.ru/catalog/kosmetika/sredstva-dlya-litsa/dlya-kozhi-vokrug-glaz/patchi/,catalog_section,High,active
корейская косметика от прыщей,4800,Commercial,Country-Origin,Уход за проблемной кожей (Акне),https://mhave.ru/brands/troiareuke/,brand,High,active
коллаген пептидный купить,4300,Commercial,Active-Ingredient,Коллаген и добавки для кожи,https://mhave.ru/catalog/pishchevye-dobavki/peptidnyy-kollagen/,catalog_section,High,active
корейская профессиональная косметика для лица,4200,Commercial,Country-Origin,Корейская косметика - Общие,https://mhave.ru/brands/troiareuke/,brand,High,active
магний таурат в капсулах,4100,Commercial,Supplements,Магний Таурат & Поддержка нервной системы,https://mhave.ru/catalog/pishchevye-dobavki/magniy-taurat/,catalog_section,High,active
швейцарский крем для лица,4100,Commercial,Country-Origin,Швейцарская косметика - Общие,https://mhave.ru/brands/atb-lab/,brand,High,active
корейская косметика спб,3900,Geo,Country-Origin,Корейская косметика - Общие,https://mhave.ru/brands/troiareuke/,brand,High,active
магний таурат для чего,3900,Informational,Supplements,Магний Таурат & Поддержка нервной системы,https://mhave.ru/catalog/pishchevye-dobavki/magniy-taurat/,catalog_section,High,active
профессиональный крем от морщин,3200,Commercial,Problem-Skin,Омоложение & Борьба с морщинами,https://mhave.ru/catalog/kosmetika/sredstva-dlya-litsa/uvlazhnenie-i-pitanie/,catalog_section,High,active
магний таурат купить,3200,Commercial,Supplements,Магний Таурат & Поддержка нервной системы,https://mhave.ru/catalog/pishchevye-dobavki/magniy-taurat/,catalog_section,High,active
профессиональная косметика от акне,3200,Commercial,Problem-Skin,Уход за проблемной кожей (Акне),https://mhave.ru/brands/acsen/,brand,High,active
швейцарская косметика для лица,3200,Commercial,Country-Origin,Швейцарская косметика - Общие,https://mhave.ru/brands/atb-lab/,brand,High,active
led маска купить,3100,Commercial,General-Category,Светодиодные LED маски & Фототерапия,https://mhave.ru/catalog/aksessuary/svetodiodnaya-led-maska-dlya-litsa-lifotronic-raymore-50e-dlya-fototerapii-liftinga-i-omolozheniya-k/,catalog_product,High,active
пептиды коллагена питьевые,3100,Commercial,Active-Ingredient,Коллаген и добавки для кожи,https://mhave.ru/catalog/pishchevye-dobavki/peptidnyy-kollagen/,catalog_section,High,active
оригинальная корейская косметика,3100,Commercial,Country-Origin,Корейская косметика - Общие,https://mhave.ru/brands/troiareuke/,brand,High,active
патчи для глаз купить в москве,3100,Geo,General-Category,Патчи для глаз,https://mhave.ru/catalog/kosmetika/sredstva-dlya-litsa/dlya-kozhi-vokrug-glaz/patchi/,catalog_section,High,active
сыворотка от пигментации на лице купить,3100,Commercial,Problem-Skin,Борьба с пигментацией,https://mhave.ru/catalog/kosmetika/sredstva-dlya-litsa/syvorotki-i-kontsentraty1/,catalog_section,High,active
корейский крем от пигментных пятен,2900,Commercial,Country-Origin,Борьба с пигментацией,https://mhave.ru/brands/troiareuke/,brand,High,active
косметика из швейцарии,2900,Commercial,Country-Origin,Швейцарская косметика - Общие,https://mhave.ru/brands/atb-lab/,brand,High,active
премиум корейская косметика,2800,Commercial,Country-Origin,Корейская косметика - Общие,https://mhave.ru/brands/troiareuke/,brand,High,active
led маска для лица купить,2500,Commercial,General-Category,Светодиодные LED маски & Фототерапия,https://mhave.ru/catalog/aksessuary/svetodiodnaya-led-maska-dlya-litsa-lifotronic-raymore-50e-dlya-fototerapii-liftinga-i-omolozheniya-k/,catalog_product,High,active
питьевой магний,2400,Commercial,Supplements,Магний Таурат & Поддержка нервной системы,https://mhave.ru/catalog/pishchevye-dobavki/magniy-taurat/,catalog_section,High,active
пептидная косметика купить,2100,Commercial,Active-Ingredient,Косметика с пептидами,https://mhave.ru/catalog/kosmetika/sredstva-dlya-litsa/syvorotki-i-kontsentraty1/,catalog_section,High,active
маска для фототерапии лица,1900,Commercial,General-Category,Общие категории ухода,https://mhave.ru/catalog/aksessuary/svetodiodnaya-led-maska-dlya-litsa-lifotronic-raymore-50e-dlya-fototerapii-liftinga-i-omolozheniya-k/,catalog_product,High,active
корейские средства для лица,1900,Commercial,Country-Origin,Корейская косметика - Общие,https://mhave.ru/brands/troiareuke/,brand,High,active
магний таурат отзывы,1800,Informational,Supplements,Магний Таурат & Поддержка нервной системы,https://mhave.ru/catalog/pishchevye-dobavki/magniy-taurat/,catalog_section,High,active
швейцарская профессиональная косметика,1800,Commercial,Country-Origin,Швейцарская косметика - Общие,https://mhave.ru/brands/atb-lab/,brand,High,active
швейцарская косметика купить,1500,Commercial,Country-Origin,Швейцарская косметика - Общие,https://mhave.ru/brands/atb-lab/,brand,High,active
led маска отзывы,1200,Informational,General-Category,Светодиодные LED маски & Фототерапия,https://mhave.ru/catalog/aksessuary/svetodiodnaya-led-maska-dlya-litsa-lifotronic-raymore-50e-dlya-fototerapii-liftinga-i-omolozheniya-k/,catalog_product,High,active
troiareuke,980,Brand-Navigational,Brand,Бренд Troiareuke (Корея),https://mhave.ru/brands/troiareuke/,brand,Medium,active
люкс косметика швейцария,950,Commercial,Country-Origin,Швейцарская косметика - Общие,https://mhave.ru/brands/atb-lab/,brand,Medium,active
магний в стиках,850,Commercial,Supplements,Магний Таурат & Поддержка нервной системы,https://mhave.ru/catalog/pishchevye-dobavki/magniy-taurat/,catalog_section,Medium,active
премиум косметика швейцария,800,Commercial,Country-Origin,Швейцарская косметика - Общие,https://mhave.ru/brands/atb-lab/,brand,Medium,active
косметика troiareuke,720,Commercial,Brand,Бренд Troiareuke (Корея),https://mhave.ru/brands/troiareuke/,brand,Medium,active
швейцарская сыворотка для лица,650,Commercial,Country-Origin,Швейцарская косметика - Общие,https://mhave.ru/brands/atb-lab/,brand,Medium,active
egeny,580,Brand-Navigational,Brand,Бренд Egeny (Добавки),https://mhave.ru/brands/egeny/,brand,Medium,active
коллаген egeny,480,Commercial,Brand,Коллаген и добавки для кожи,https://mhave.ru/catalog/pishchevye-dobavki/peptidnyy-kollagen/,catalog_section,Medium,active
лед маска le maitre,450,Commercial,General-Category,Светодиодные LED маски & Фототерапия,https://mhave.ru/catalog/aksessuary/svetodiodnaya-led-maska-dlya-litsa-lifotronic-raymore-50e-dlya-fototerapii-liftinga-i-omolozheniya-k/,catalog_product,Medium,active
косметика швейцария купить в москве,450,Geo,Country-Origin,Швейцарская косметика - Общие,https://mhave.ru/brands/atb-lab/,brand,Medium,active
atb lab,420,Brand-Navigational,Brand,Бренд ATB Lab (Швейцария),https://mhave.ru/brands/atb-lab/,brand,Medium,active
магний таурат купить в москве,420,Geo,Supplements,Магний Таурат & Поддержка нервной системы,https://mhave.ru/catalog/pishchevye-dobavki/magniy-taurat/,catalog_section,Medium,active
troiareuke купить,410,Commercial,Brand,Бренд Troiareuke (Корея),https://mhave.ru/brands/troiareuke/,brand,Medium,active
led маска lifotronic,380,Commercial,Brand,Светодиодные LED маски & Фототерапия,https://mhave.ru/catalog/aksessuary/svetodiodnaya-led-maska-dlya-litsa-lifotronic-raymore-50e-dlya-fototerapii-liftinga-i-omolozheniya-k/,catalog_product,Medium,active
troiareuke официальный сайт,350,Commercial,Brand,Бренд Troiareuke (Корея),https://mhave.ru/brands/troiareuke/,brand,Medium,active
egeny коллаген,320,Commercial,Brand,Коллаген и добавки для кожи,https://mhave.ru/catalog/pishchevye-dobavki/peptidnyy-kollagen/,catalog_section,Medium,active
косметика atb lab,310,Commercial,Brand,Бренд ATB Lab (Швейцария),https://mhave.ru/brands/atb-lab/,brand,Medium,active
светодиодная маска lifotronic raymore,290,Commercial,Brand,Светодиодные LED маски & Фототерапия,https://mhave.ru/catalog/aksessuary/svetodiodnaya-led-maska-dlya-litsa-lifotronic-raymore-50e-dlya-fototerapii-liftinga-i-omolozheniya-k/,catalog_product,Medium,active
troiareuke отзывы,290,Informational,Brand,Бренд Troiareuke (Корея),https://mhave.ru/brands/troiareuke/,brand,Medium,active
egeny магний,280,Commercial,Brand,Магний Таурат & Поддержка нервной системы,https://mhave.ru/catalog/pishchevye-dobavki/magniy-taurat/,catalog_section,Medium,active
atb lab официальный сайт,250,Commercial,Brand,Бренд ATB Lab (Швейцария),https://mhave.ru/brands/atb-lab/,brand,Medium,active
troiareuke acsen,240,Commercial,Brand,Уход за проблемной кожей (Акне),https://mhave.ru/brands/acsen/,brand,Medium,active
egeny магний таурат,210,Commercial,Brand,Магний Таурат & Поддержка нервной системы,https://mhave.ru/catalog/pishchevye-dobavki/magniy-taurat/,catalog_section,Medium,active
питьевой коллаген egeny,190,Commercial,Brand,Коллаген и добавки для кожи,https://mhave.ru/catalog/pishchevye-dobavki/peptidnyy-kollagen/,catalog_section,Medium,active
troiareuke крем,190,Commercial,Brand,Бренд Troiareuke (Корея),https://mhave.ru/brands/troiareuke/,brand,Medium,active
магний таурат egeny,190,Commercial,Brand,Магний Таурат & Поддержка нервной системы,https://mhave.ru/catalog/pishchevye-dobavki/magniy-taurat/,catalog_section,Medium,active
atb lab купить,180,Commercial,Brand,Бренд ATB Lab (Швейцария),https://mhave.ru/brands/atb-lab/,brand,Medium,active
troiareuke кушон,180,Commercial,Brand,Бренд Troiareuke (Корея),https://mhave.ru/brands/troiareuke/,brand,Medium,active
mhave,150,Brand-Navigational,General-Category,Общие категории ухода,https://mhave.ru/,static_page,Medium,active
acsen,150,Brand-Navigational,Brand,Уход за проблемной кожей (Акне),https://mhave.ru/brands/acsen/,brand,Medium,active
сайт mhave,150,Brand-Navigational,General-Category,Общие категории ухода,https://mhave.ru/,static_page,Medium,active
acsen купить,150,Commercial,Brand,Уход за проблемной кожей (Акне),https://mhave.ru/brands/acsen/,brand,Medium,active
mhave интернет магазин,150,Brand-Navigational,General-Category,Общие категории ухода,https://mhave.ru/,static_page,Medium,active
slujt косметика,150,Commercial,General-Category,Общие категории ухода,https://mhave.ru/catalog/kosmetika/,catalog_section,Medium,active
купить уходовую косметику россия,150,Geo,General-Category,Общие категории ухода,https://mhave.ru/brands/,static_page,Medium,active
лед маска lifotronic инструкция по применению на русском,150,Informational,Brand,Светодиодные LED маски & Фототерапия,https://mhave.ru/catalog/aksessuary/svetodiodnaya-led-maska-dlya-litsa-lifotronic-raymore-50e-dlya-fototerapii-liftinga-i-omolozheniya-k/,catalog_product,Medium,active
мхэв косметика,150,Brand-Navigational,General-Category,Общие категории ухода,https://mhave.ru/,static_page,Medium,active
натуральный питьевой коллаген с нейтральным вкусом в стиках,150,Commercial,Supplements,Коллаген и добавки для кожи,https://mhave.ru/catalog/pishchevye-dobavki/peptidnyy-kollagen/,catalog_section,Medium,active
фарфоровый массажер троярике,150,Commercial,Brand,Бренд Troiareuke (Корея),https://mhave.ru/brands/troiareuke/,brand,Medium,active
натуральный питьевой коллаген egeny с соком шиповника в стиках,150,Commercial,Brand,Коллаген и добавки для кожи,https://mhave.ru/catalog/pishchevye-dobavki/peptidnyy-kollagen/,catalog_section,Medium,active
троярики косметика,150,Commercial,Brand,Общие категории ухода,https://mhave.ru/brands/troiareuke/,brand,Medium,active
где в москве купить корейскую косметику премиального качества,150,Commercial,Country-Origin,Корейская косметика - Общие,https://mhave.ru/brands/troiareuke/,brand,Medium,active
ассен маска восстанавливающая,150,Commercial,Brand,Общие категории ухода,https://mhave.ru/catalog/kosmetika/sredstva-dlya-litsa/maski1/uvlazhnenie-i-pitanie7/spetsialnyy-ukhod3/nochnaya-vosstanavlivayushchaya-maska-acsen/,catalog_product,Medium,active
mawe космецевтика,150,Commercial,General-Category,Общие категории ухода,https://mhave.ru/,static_page,Medium,active
троярика,150,Commercial,Brand,Общие категории ухода,https://mhave.ru/brands/troiareuke/,brand,Medium,active
сыворотка от пигментных пятен для лица super brigh,150,Commercial,Problem-Skin,Борьба с пигментацией,https://mhave.ru/catalog/kosmetika/sredstva-dlya-litsa/syvorotki-i-kontsentraty1/,catalog_section,Medium,active
сыворотка от пигментных пятен для лица super brightening serum 30мл,150,Commercial,Problem-Skin,Борьба с пигментацией,https://mhave.ru/catalog/kosmetika/sredstva-dlya-litsa/syvorotki-i-kontsentraty1/,catalog_section,Medium,active
мхэв официальный сайт косметика контакты,150,Brand-Navigational,General-Category,Общие категории ухода,https://mhave.ru/,static_page,Medium,active
филорга купить в москве,150,Geo,General-Category,Общие категории ухода,https://mhave.ru/catalog/,catalog_other,Medium,active
атб лаб,150,Commercial,Brand,Бренд ATB Lab (Швейцария),https://mhave.ru/brands/atb-lab/,brand,Medium,active
paese косметика,150,Commercial,General-Category,Общие категории ухода,https://mhave.ru/catalog/kosmetika/,catalog_section,Medium,active
магний с таурином со вкусом черной смородины,150,Commercial,Supplements,Магний Таурат & Поддержка нервной системы,https://mhave.ru/catalog/pishchevye-dobavki/magniy-taurat/,catalog_section,Medium,active
консилер для лица,150,Commercial,General-Category,Общие категории ухода,https://mhave.ru/catalog/aksessuary/svetodiodnaya-led-maska-dlya-litsa-lifotronic-raymore-50e-dlya-fototerapii-liftinga-i-omolozheniya-k/,catalog_product,Medium,active
лед маска lifotronik,150,Commercial,Brand,Светодиодные LED маски & Фототерапия,https://mhave.ru/catalog/aksessuary/svetodiodnaya-led-maska-dlya-litsa-lifotronic-raymore-50e-dlya-fototerapii-liftinga-i-omolozheniya-k/,catalog_product,Medium,active
косметика xivowa,150,Commercial,General-Category,Общие категории ухода,https://mhave.ru/catalog/kosmetika/,catalog_section,Medium,active
atb косметика,150,Commercial,Brand,Бренд ATB Lab (Швейцария),https://mhave.ru/brands/atb-lab/,brand,Medium,active
agt косметика купить,150,Commercial,General-Category,Общие категории ухода,https://mhave.ru/catalog/kosmetika/sredstva-dlya-litsa/uvlazhnenie-i-pitanie/agt-hydro-cream-krem-mgnovennoe-uvlazhnenie-a-g-t/,catalog_product,Medium,active
egenu коллаген питьевой персик,150,Commercial,Brand,Коллаген и добавки для кожи,https://mhave.ru/catalog/pishchevye-dobavki/peptidnyy-kollagen/,catalog_section,Medium,active
эжени косметика,150,Commercial,Brand,Общие категории ухода,https://mhave.ru/brands/egeny/,brand,Medium,active
мхаве это,150,Brand-Navigational,General-Category,Общие категории ухода,https://mhave.ru/,static_page,Medium,active
премиум косметика,150,Commercial,General-Category,Общие категории ухода,https://mhave.ru/catalog/kosmetika/,catalog_section,Medium,active
косметика для косметологов профессиональная,150,Commercial,General-Category,Общие категории ухода,https://mhave.ru/catalog/kosmetika/,catalog_section,Medium,active
средство вокруг глаз от морщин и темных кругов для мужчин,150,Commercial,Problem-Skin,Омоложение & Борьба с морщинами,https://mhave.ru/catalog/kosmetika/sredstva-dlya-litsa/uvlazhnenie-i-pitanie/,catalog_section,Medium,active
желе с хондроитином,150,Commercial,General-Category,Общие категории ухода,https://mhave.ru/catalog/pishchevye-dobavki-dlya-zhivotnykh/kollagen-zhele-s-bioaktivnym-komlpeksom-s-khondroitinom-glyukozaminom-msm-i-vitaminami-e-c-dlya-kosh-1390134726/,catalog_product,Medium,active
сыворотка от пигментных пятен для лица super,150,Commercial,Problem-Skin,Борьба с пигментацией,https://mhave.ru/catalog/kosmetika/sredstva-dlya-litsa/syvorotki-i-kontsentraty1/,catalog_section,Medium,active
accen маска отзывы,150,Informational,Brand,Общие категории ухода,https://mhave.ru/catalog/kosmetika/sredstva-dlya-litsa/maski1/uvlazhnenie-i-pitanie7/spetsialnyy-ukhod3/nochnaya-vosstanavlivayushchaya-maska-acsen/,catalog_product,Medium,active
a d love,150,Commercial,General-Category,Общие категории ухода,https://mhave.ru/brands/ad-love/,brand,Medium,active
a d love косметика,150,Commercial,General-Category,Общие категории ухода,https://mhave.ru/brands/ad-love/,brand,Medium,active
a d love купить,150,Commercial,General-Category,Общие категории ухода,https://mhave.ru/brands/ad-love/,brand,Medium,active
a d love коллаген,150,Commercial,Supplements,Коллаген и добавки для кожи,https://mhave.ru/catalog/pishchevye-dobavki/peptidnyy-kollagen/,catalog_section,Medium,active
acsen косметика,150,Commercial,Brand,Уход за проблемной кожей (Акне),https://mhave.ru/brands/acsen/,brand,Medium,active
коллаген egeny купить,150,Commercial,Brand,Коллаген и добавки для кожи,https://mhave.ru/catalog/pishchevye-dobavki/peptidnyy-kollagen/,catalog_section,Medium,active
kincare beautifuls,150,Commercial,General-Category,Общие категории ухода,https://mhave.ru/catalog/,catalog_other,Medium,active
mhave ru,150,Brand-Navigational,General-Category,Общие категории ухода,https://mhave.ru/,static_page,Medium,active
test mhave,150,Brand-Navigational,General-Category,Общие категории ухода,https://mhave.ru/,static_page,Medium,active
test mhave ru,150,Brand-Navigational,General-Category,Общие категории ухода,https://mhave.ru/,static_page,Medium,active
троярике косметика,150,Commercial,Brand,Бренд Troiareuke (Корея),https://mhave.ru/brands/troiareuke/,brand,Medium,active
vvs,150,Commercial,Brand,Общие категории ухода,https://mhave.ru/brands/vvs/,brand,Medium,active
vvs косметика,150,Commercial,Brand,Общие категории ухода,https://mhave.ru/brands/vvs/,brand,Medium,active
vvs купить,150,Commercial,Brand,Общие категории ухода,https://mhave.ru/brands/vvs/,brand,Medium,active
аксессуары,150,Commercial,General-Category,Общие категории ухода,https://mhave.ru/catalog/aksessuary/,catalog_section,Medium,active
аксессуары купить,150,Commercial,General-Category,Общие категории ухода,https://mhave.ru/catalog/aksessuary/,catalog_section,Medium,active
г москва ул ленинская слобода д 26 стр 28 бизнес-центр слободской,150,Geo,General-Category,Общие категории ухода,https://mhave.ru/news/nasha-komanda-v-tsentre-progressa-boksa/,article,Medium,active
глубокое очищение,150,Commercial,General-Category,Общие категории ухода,https://mhave.ru/catalog/kosmetika/sredstva-dlya-litsa/glubokoe-ochishchenie/,catalog_section,Medium,active
глубокое очищение купить,150,Commercial,General-Category,Общие категории ухода,https://mhave.ru/catalog/kosmetika/sredstva-dlya-litsa/glubokoe-ochishchenie/,catalog_section,Medium,active
для кожи вокруг глаз,150,Commercial,General-Category,Общие категории ухода,https://mhave.ru/catalog/kosmetika/sredstva-dlya-litsa/dlya-kozhi-vokrug-glaz/,catalog_section,Medium,active
для кожи вокруг глаз купить,150,Commercial,General-Category,Общие категории ухода,https://mhave.ru/catalog/kosmetika/sredstva-dlya-litsa/dlya-kozhi-vokrug-glaz/,catalog_section,Medium,active
защита от солнца spf,150,Commercial,General-Category,Общие категории ухода,https://mhave.ru/catalog/kosmetika/sredstva-dlya-litsa/kushony-i-bb1/zashchita-ot-solntsa-spf/,catalog_section,Medium,active
защита от солнца spf купить,150,Commercial,General-Category,Общие категории ухода,https://mhave.ru/catalog/kosmetika/sredstva-dlya-litsa/kushony-i-bb1/zashchita-ot-solntsa-spf/,catalog_section,Medium,active
косметика,150,Commercial,General-Category,Общие категории ухода,https://mhave.ru/catalog/kosmetika/,catalog_section,Medium,active
косметика купить,150,Commercial,General-Category,Общие категории ухода,https://mhave.ru/catalog/kosmetika/,catalog_section,Medium,active
купить ампульный тоник 2-в-1 чистая кожа интернет-магазин mhave,150,Brand-Navigational,General-Category,Общие категории ухода,https://mhave.ru/,static_page,Medium,active
кушоны и bb,150,Commercial,General-Category,Общие категории ухода,https://mhave.ru/catalog/kosmetika/sredstva-dlya-litsa/uvlazhnenie-i-pitanie/kushony-i-bb/,catalog_section,Medium,active
кушоны и bb купить,150,Commercial,General-Category,Общие категории ухода,https://mhave.ru/catalog/kosmetika/sredstva-dlya-litsa/uvlazhnenie-i-pitanie/kushony-i-bb/,catalog_section,Medium,active
маска,150,Commercial,General-Category,Общие категории ухода,https://mhave.ru/catalog/aksessuary/svetodiodnaya-led-maska-dlya-litsa-lifotronic-raymore-50e-dlya-fototerapii-liftinga-i-omolozheniya-k/,catalog_product,Medium,active
маска купить,150,Commercial,General-Category,Общие категории ухода,https://mhave.ru/catalog/aksessuary/svetodiodnaya-led-maska-dlya-litsa-lifotronic-raymore-50e-dlya-fototerapii-liftinga-i-omolozheniya-k/,catalog_product,Medium,active
маски,150,Commercial,General-Category,Общие категории ухода,https://mhave.ru/catalog/kosmetika/sredstva-dlya-litsa/maski1/,catalog_section,Medium,active
маски купить,150,Commercial,General-Category,Общие категории ухода,https://mhave.ru/catalog/kosmetika/sredstva-dlya-litsa/maski1/,catalog_section,Medium,active
патчи купить,150,Commercial,General-Category,Патчи для глаз,https://mhave.ru/catalog/kosmetika/sredstva-dlya-litsa/dlya-kozhi-vokrug-glaz/patchi/,catalog_section,Medium,active
пептидный коллаген,150,Commercial,Active-Ingredient,Коллаген и добавки для кожи,https://mhave.ru/catalog/pishchevye-dobavki/peptidnyy-kollagen/,catalog_section,Medium,active
пептидный коллаген купить,150,Commercial,Active-Ingredient,Коллаген и добавки для кожи,https://mhave.ru/catalog/pishchevye-dobavki/peptidnyy-kollagen/,catalog_section,Medium,active
пищевые добавки,150,Commercial,Supplements,Общие категории ухода,https://mhave.ru/catalog/pishchevye-dobavki/,catalog_section,Medium,active
пищевые добавки для животных,150,Commercial,Supplements,Общие категории ухода,https://mhave.ru/catalog/pishchevye-dobavki-dlya-zhivotnykh/,catalog_section,Medium,active
пищевые добавки для животных купить,150,Commercial,Supplements,Общие категории ухода,https://mhave.ru/catalog/pishchevye-dobavki-dlya-zhivotnykh/,catalog_section,Medium,active
пищевые добавки купить,150,Commercial,Supplements,Общие категории ухода,https://mhave.ru/catalog/pishchevye-dobavki/,catalog_section,Medium,active
специальный уход,150,Commercial,General-Category,Общие категории ухода,https://mhave.ru/catalog/kosmetika/sredstva-dlya-litsa/syvorotki-i-kontsentraty1/spetsialnyy-ukhod2/,catalog_section,Medium,active
специальный уход купить,150,Commercial,General-Category,Общие категории ухода,https://mhave.ru/catalog/kosmetika/sredstva-dlya-litsa/syvorotki-i-kontsentraty1/spetsialnyy-ukhod2/,catalog_section,Medium,active
средства для лица,150,Commercial,General-Category,Общие категории ухода,https://mhave.ru/catalog/kosmetika/sredstva-dlya-litsa/,catalog_section,Medium,active
средства для лица купить,150,Commercial,General-Category,Общие категории ухода,https://mhave.ru/catalog/kosmetika/sredstva-dlya-litsa/,catalog_section,Medium,active
средства для массажа,150,Commercial,General-Category,Общие категории ухода,https://mhave.ru/catalog/kosmetika/sredstva-dlya-litsa/sredstva-dlya-massazha/,catalog_section,Medium,active
средства для массажа купить,150,Commercial,General-Category,Общие категории ухода,https://mhave.ru/catalog/kosmetika/sredstva-dlya-litsa/sredstva-dlya-massazha/,catalog_section,Medium,active
средства для тела,150,Commercial,General-Category,Общие категории ухода,https://mhave.ru/catalog/kosmetika/sredstva-dlya-tela/,catalog_section,Medium,active
средства для тела купить,150,Commercial,General-Category,Общие категории ухода,https://mhave.ru/catalog/kosmetika/sredstva-dlya-tela/,catalog_section,Medium,active
средства для умывания,150,Commercial,General-Category,Общие категории ухода,https://mhave.ru/catalog/kosmetika/sredstva-dlya-litsa/sredstva-dlya-umyvaniya1/,catalog_section,Medium,active
средства для умывания купить,150,Commercial,General-Category,Общие категории ухода,https://mhave.ru/catalog/kosmetika/sredstva-dlya-litsa/sredstva-dlya-umyvaniya1/,catalog_section,Medium,active
сыворотки и концентраты,150,Commercial,General-Category,Общие категории ухода,https://mhave.ru/catalog/kosmetika/sredstva-dlya-litsa/syvorotki-i-kontsentraty1/,catalog_section,Medium,active
сыворотки и концентраты купить,150,Commercial,General-Category,Общие категории ухода,https://mhave.ru/catalog/kosmetika/sredstva-dlya-litsa/syvorotki-i-kontsentraty1/,catalog_section,Medium,active
тонизирование,150,Commercial,General-Category,Общие категории ухода,https://mhave.ru/catalog/kosmetika/sredstva-dlya-litsa/tonizirovanie/,catalog_section,Medium,active
тонизирование купить,150,Commercial,General-Category,Общие категории ухода,https://mhave.ru/catalog/kosmetika/sredstva-dlya-litsa/tonizirovanie/,catalog_section,Medium,active
увлажнение и питание,150,Commercial,General-Category,Общие категории ухода,https://mhave.ru/catalog/kosmetika/sredstva-dlya-litsa/dlya-kozhi-vokrug-glaz/patchi/uvlazhnenie-i-pitanie1/,catalog_section,Medium,active
увлажнение и питание купить,150,Commercial,General-Category,Общие категории ухода,https://mhave.ru/catalog/kosmetika/sredstva-dlya-litsa/dlya-kozhi-vokrug-glaz/patchi/uvlazhnenie-i-pitanie1/,catalog_section,Medium,active
янтарная кислота,150,Commercial,Active-Ingredient,Янтарная кислота & Энергия,https://mhave.ru/catalog/pishchevye-dobavki/yantarnaya-kislota/,catalog_section,Medium,active
янтарная кислота купить,150,Commercial,Active-Ingredient,Янтарная кислота & Энергия,https://mhave.ru/catalog/pishchevye-dobavki/yantarnaya-kislota/,catalog_section,Medium,active
atb lab отзывы,140,Informational,Brand,Бренд ATB Lab (Швейцария),https://mhave.ru/brands/atb-lab/,brand,Medium,active
коллаген egeny отзывы,130,Informational,Brand,Коллаген и добавки для кожи,https://mhave.ru/catalog/pishchevye-dobavki/peptidnyy-kollagen/,catalog_section,Medium,active
troiareuke маска,120,Commercial,Brand,Бренд Troiareuke (Корея),https://mhave.ru/brands/troiareuke/,brand,Medium,active
atb lab сыворотка,95,Commercial,Brand,Бренд ATB Lab (Швейцария),https://mhave.ru/brands/atb-lab/,brand,Low,active
egeny официальный сайт,90,Commercial,Brand,Бренд Egeny (Добавки),https://mhave.ru/brands/egeny/,brand,Low,active
купить косметику троярике,90,Commercial,Brand,Бренд Troiareuke (Корея),https://mhave.ru/brands/troiareuke/,brand,Low,active
купить a d love,80,Commercial,General-Category,Общие категории ухода,https://mhave.ru/brands/ad-love/,brand,Low,active
купить a d love косметика,80,Commercial,General-Category,Общие категории ухода,https://mhave.ru/brands/ad-love/,brand,Low,active
купить a d love купить,80,Commercial,General-Category,Общие категории ухода,https://mhave.ru/brands/ad-love/,brand,Low,active
купить a d love коллаген,80,Commercial,Supplements,Коллаген и добавки для кожи,https://mhave.ru/catalog/pishchevye-dobavki/peptidnyy-kollagen/,catalog_section,Low,active
купить accen маска отзывы,80,Informational,Brand,Общие категории ухода,https://mhave.ru/catalog/kosmetika/sredstva-dlya-litsa/maski1/uvlazhnenie-i-pitanie7/spetsialnyy-ukhod3/nochnaya-vosstanavlivayushchaya-maska-acsen/,catalog_product,Low,active
купить acsen,80,Commercial,Brand,Уход за проблемной кожей (Акне),https://mhave.ru/brands/acsen/,brand,Low,active
купить acsen косметика,80,Commercial,Brand,Уход за проблемной кожей (Акне),https://mhave.ru/brands/acsen/,brand,Low,active
купить acsen купить,80,Commercial,Brand,Уход за проблемной кожей (Акне),https://mhave.ru/brands/acsen/,brand,Low,active
купить agt косметика купить,80,Commercial,General-Category,Общие категории ухода,https://mhave.ru/catalog/kosmetika/sredstva-dlya-litsa/uvlazhnenie-i-pitanie/agt-hydro-cream-krem-mgnovennoe-uvlazhnenie-a-g-t/,catalog_product,Low,active
atb lab крем,80,Commercial,Brand,Бренд ATB Lab (Швейцария),https://mhave.ru/brands/atb-lab/,brand,Low,active
купить atb косметика,80,Commercial,Brand,Бренд ATB Lab (Швейцария),https://mhave.ru/brands/atb-lab/,brand,Low,active
купить egenu коллаген питьевой персик,80,Commercial,Brand,Коллаген и добавки для кожи,https://mhave.ru/catalog/pishchevye-dobavki/peptidnyy-kollagen/,catalog_section,Low,active
купить kincare beautifuls,80,Commercial,General-Category,Общие категории ухода,https://mhave.ru/catalog/,catalog_other,Low,active
купить mawe космецевтика,80,Commercial,General-Category,Общие категории ухода,https://mhave.ru/,static_page,Low,active
купить mhave,80,Brand-Navigational,General-Category,Общие категории ухода,https://mhave.ru/,static_page,Low,active
купить mhave интернет магазин,80,Brand-Navigational,General-Category,Общие категории ухода,https://mhave.ru/,static_page,Low,active
купить mhave ru,80,Brand-Navigational,General-Category,Общие категории ухода,https://mhave.ru/,static_page,Low,active
купить paese косметика,80,Commercial,General-Category,Общие категории ухода,https://mhave.ru/catalog/kosmetika/,catalog_section,Low,active
купить slujt косметика,80,Commercial,General-Category,Общие категории ухода,https://mhave.ru/catalog/kosmetika/,catalog_section,Low,active
купить test mhave,80,Brand-Navigational,General-Category,Общие категории ухода,https://mhave.ru/,static_page,Low,active
купить test mhave ru,80,Brand-Navigational,General-Category,Общие категории ухода,https://mhave.ru/,static_page,Low,active
купить vvs,80,Commercial,Brand,Общие категории ухода,https://mhave.ru/brands/vvs/,brand,Low,active
купить vvs косметика,80,Commercial,Brand,Общие категории ухода,https://mhave.ru/brands/vvs/,brand,Low,active
купить vvs купить,80,Commercial,Brand,Общие категории ухода,https://mhave.ru/brands/vvs/,brand,Low,active
купить аксессуары,80,Commercial,General-Category,Общие категории ухода,https://mhave.ru/catalog/aksessuary/,catalog_section,Low,active
купить аксессуары купить,80,Commercial,General-Category,Общие категории ухода,https://mhave.ru/catalog/aksessuary/,catalog_section,Low,active
купить ассен маска восстанавливающая,80,Commercial,Brand,Общие категории ухода,https://mhave.ru/catalog/kosmetika/sredstva-dlya-litsa/maski1/uvlazhnenie-i-pitanie7/spetsialnyy-ukhod3/nochnaya-vosstanavlivayushchaya-maska-acsen/,catalog_product,Low,active
купить атб лаб,80,Commercial,Brand,Бренд ATB Lab (Швейцария),https://mhave.ru/brands/atb-lab/,brand,Low,active
купить г москва ул ленинская слобода д 26 стр 28 бизнес-центр слободской,80,Geo,General-Category,Общие категории ухода,https://mhave.ru/news/nasha-komanda-v-tsentre-progressa-boksa/,article,Low,active
купить где в москве купить корейскую косметику премиального качества,80,Commercial,Country-Origin,Корейская косметика - Общие,https://mhave.ru/brands/troiareuke/,brand,Low,active
купить глубокое очищение,80,Commercial,General-Category,Общие категории ухода,https://mhave.ru/catalog/kosmetika/sredstva-dlya-litsa/glubokoe-ochishchenie/,catalog_section,Low,active
купить глубокое очищение купить,80,Commercial,General-Category,Общие категории ухода,https://mhave.ru/catalog/kosmetika/sredstva-dlya-litsa/glubokoe-ochishchenie/,catalog_section,Low,active
купить для кожи вокруг глаз,80,Commercial,General-Category,Общие категории ухода,https://mhave.ru/catalog/kosmetika/sredstva-dlya-litsa/dlya-kozhi-vokrug-glaz/,catalog_section,Low,active
купить для кожи вокруг глаз купить,80,Commercial,General-Category,Общие категории ухода,https://mhave.ru/catalog/kosmetika/sredstva-dlya-litsa/dlya-kozhi-vokrug-glaz/,catalog_section,Low,active
купить желе с хондроитином,80,Commercial,General-Category,Общие категории ухода,https://mhave.ru/catalog/pishchevye-dobavki-dlya-zhivotnykh/kollagen-zhele-s-bioaktivnym-komlpeksom-s-khondroitinom-glyukozaminom-msm-i-vitaminami-e-c-dlya-kosh-1390134726/,catalog_product,Low,active
купить защита от солнца spf,80,Commercial,General-Category,Общие категории ухода,https://mhave.ru/catalog/kosmetika/sredstva-dlya-litsa/kushony-i-bb1/zashchita-ot-solntsa-spf/,catalog_section,Low,active
купить защита от солнца spf купить,80,Commercial,General-Category,Общие категории ухода,https://mhave.ru/catalog/kosmetika/sredstva-dlya-litsa/kushony-i-bb1/zashchita-ot-solntsa-spf/,catalog_section,Low,active
купить консилер для лица,80,Commercial,General-Category,Общие категории ухода,https://mhave.ru/catalog/aksessuary/svetodiodnaya-led-maska-dlya-litsa-lifotronic-raymore-50e-dlya-fototerapii-liftinga-i-omolozheniya-k/,catalog_product,Low,active
купить косметика,80,Commercial,General-Category,Общие категории ухода,https://mhave.ru/catalog/kosmetika/,catalog_section,Low,active
купить косметика xivowa,80,Commercial,General-Category,Общие категории ухода,https://mhave.ru/catalog/kosmetika/,catalog_section,Low,active
купить косметика для косметологов профессиональная,80,Commercial,General-Category,Общие категории ухода,https://mhave.ru/catalog/kosmetika/,catalog_section,Low,active
купить косметика купить,80,Commercial,General-Category,Общие категории ухода,https://mhave.ru/catalog/kosmetika/,catalog_section,Low,active
купить купить ампульный тоник 2-в-1 чистая кожа интернет-магазин mhave,80,Brand-Navigational,General-Category,Общие категории ухода,https://mhave.ru/,static_page,Low,active
купить купить уходовую косметику россия,80,Geo,General-Category,Общие категории ухода,https://mhave.ru/brands/,static_page,Low,active
купить кушоны и bb,80,Commercial,General-Category,Общие категории ухода,https://mhave.ru/catalog/kosmetika/sredstva-dlya-litsa/uvlazhnenie-i-pitanie/kushony-i-bb/,catalog_section,Low,active
купить кушоны и bb купить,80,Commercial,General-Category,Общие категории ухода,https://mhave.ru/catalog/kosmetika/sredstva-dlya-litsa/uvlazhnenie-i-pitanie/kushony-i-bb/,catalog_section,Low,active
купить лед маска le maitre,80,Commercial,General-Category,Светодиодные LED маски & Фототерапия,https://mhave.ru/catalog/aksessuary/svetodiodnaya-led-maska-dlya-litsa-lifotronic-raymore-50e-dlya-fototerapii-liftinga-i-omolozheniya-k/,catalog_product,Low,active
купить лед маска lifotronic инструкция по применению на русском,80,Informational,Brand,Светодиодные LED маски & Фототерапия,https://mhave.ru/catalog/aksessuary/svetodiodnaya-led-maska-dlya-litsa-lifotronic-raymore-50e-dlya-fototerapii-liftinga-i-omolozheniya-k/,catalog_product,Low,active
купить лед маска lifotronik,80,Commercial,Brand,Светодиодные LED маски & Фототерапия,https://mhave.ru/catalog/aksessuary/svetodiodnaya-led-maska-dlya-litsa-lifotronic-raymore-50e-dlya-fototerapii-liftinga-i-omolozheniya-k/,catalog_product,Low,active
купить магний с таурином со вкусом черной смородины,80,Commercial,Supplements,Магний Таурат & Поддержка нервной системы,https://mhave.ru/catalog/pishchevye-dobavki/magniy-taurat/,catalog_section,Low,active
купить маска,80,Commercial,General-Category,Общие категории ухода,https://mhave.ru/catalog/aksessuary/svetodiodnaya-led-maska-dlya-litsa-lifotronic-raymore-50e-dlya-fototerapii-liftinga-i-omolozheniya-k/,catalog_product,Low,active
купить маска купить,80,Commercial,General-Category,Общие категории ухода,https://mhave.ru/catalog/aksessuary/svetodiodnaya-led-maska-dlya-litsa-lifotronic-raymore-50e-dlya-fototerapii-liftinga-i-omolozheniya-k/,catalog_product,Low,active
купить маски,80,Commercial,General-Category,Общие категории ухода,https://mhave.ru/catalog/kosmetika/sredstva-dlya-litsa/maski1/,catalog_section,Low,active
купить маски купить,80,Commercial,General-Category,Общие категории ухода,https://mhave.ru/catalog/kosmetika/sredstva-dlya-litsa/maski1/,catalog_section,Low,active
купить мхаве это,80,Brand-Navigational,General-Category,Общие категории ухода,https://mhave.ru/,static_page,Low,active
купить мхэв косметика,80,Brand-Navigational,General-Category,Общие категории ухода,https://mhave.ru/,static_page,Low,active
купить мхэв официальный сайт косметика контакты,80,Brand-Navigational,General-Category,Общие категории ухода,https://mhave.ru/,static_page,Low,active
купить натуральный питьевой коллаген egeny с соком шиповника в стиках,80,Commercial,Brand,Коллаген и добавки для кожи,https://mhave.ru/catalog/pishchevye-dobavki/peptidnyy-kollagen/,catalog_section,Low,active
купить натуральный питьевой коллаген с нейтральным вкусом в стиках,80,Commercial,Supplements,Коллаген и добавки для кожи,https://mhave.ru/catalog/pishchevye-dobavki/peptidnyy-kollagen/,catalog_section,Low,active
купить патчи купить,80,Commercial,General-Category,Патчи для глаз,https://mhave.ru/catalog/kosmetika/sredstva-dlya-litsa/dlya-kozhi-vokrug-glaz/patchi/,catalog_section,Low,active
купить пептидный коллаген,80,Commercial,Active-Ingredient,Коллаген и добавки для кожи,https://mhave.ru/catalog/pishchevye-dobavki/peptidnyy-kollagen/,catalog_section,Low,active
купить пептидный коллаген купить,80,Commercial,Active-Ingredient,Коллаген и добавки для кожи,https://mhave.ru/catalog/pishchevye-dobavki/peptidnyy-kollagen/,catalog_section,Low,active
купить питьевой коллаген egeny,80,Commercial,Brand,Коллаген и добавки для кожи,https://mhave.ru/catalog/pishchevye-dobavki/peptidnyy-kollagen/,catalog_section,Low,active
купить пищевые добавки,80,Commercial,Supplements,Общие категории ухода,https://mhave.ru/catalog/pishchevye-dobavki/,catalog_section,Low,active
купить пищевые добавки для животных,80,Commercial,Supplements,Общие категории ухода,https://mhave.ru/catalog/pishchevye-dobavki-dlya-zhivotnykh/,catalog_section,Low,active
купить пищевые добавки для животных купить,80,Commercial,Supplements,Общие категории ухода,https://mhave.ru/catalog/pishchevye-dobavki-dlya-zhivotnykh/,catalog_section,Low,active
купить пищевые добавки купить,80,Commercial,Supplements,Общие категории ухода,https://mhave.ru/catalog/pishchevye-dobavki/,catalog_section,Low,active
купить премиум косметика,80,Commercial,General-Category,Общие категории ухода,https://mhave.ru/catalog/kosmetika/,catalog_section,Low,active
купить сайт mhave,80,Brand-Navigational,General-Category,Общие категории ухода,https://mhave.ru/,static_page,Low,active
купить специальный уход,80,Commercial,General-Category,Общие категории ухода,https://mhave.ru/catalog/kosmetika/sredstva-dlya-litsa/syvorotki-i-kontsentraty1/spetsialnyy-ukhod2/,catalog_section,Low,active
купить специальный уход купить,80,Commercial,General-Category,Общие категории ухода,https://mhave.ru/catalog/kosmetika/sredstva-dlya-litsa/syvorotki-i-kontsentraty1/spetsialnyy-ukhod2/,catalog_section,Low,active
купить средства для лица,80,Commercial,General-Category,Общие категории ухода,https://mhave.ru/catalog/kosmetika/sredstva-dlya-litsa/,catalog_section,Low,active
купить средства для лица купить,80,Commercial,General-Category,Общие категории ухода,https://mhave.ru/catalog/kosmetika/sredstva-dlya-litsa/,catalog_section,Low,active
купить средства для массажа,80,Commercial,General-Category,Общие категории ухода,https://mhave.ru/catalog/kosmetika/sredstva-dlya-litsa/sredstva-dlya-massazha/,catalog_section,Low,active
купить средства для массажа купить,80,Commercial,General-Category,Общие категории ухода,https://mhave.ru/catalog/kosmetika/sredstva-dlya-litsa/sredstva-dlya-massazha/,catalog_section,Low,active
купить средства для тела,80,Commercial,General-Category,Общие категории ухода,https://mhave.ru/catalog/kosmetika/sredstva-dlya-tela/,catalog_section,Low,active
купить средства для тела купить,80,Commercial,General-Category,Общие категории ухода,https://mhave.ru/catalog/kosmetika/sredstva-dlya-tela/,catalog_section,Low,active
купить средства для умывания,80,Commercial,General-Category,Общие категории ухода,https://mhave.ru/catalog/kosmetika/sredstva-dlya-litsa/sredstva-dlya-umyvaniya1/,catalog_section,Low,active
купить средства для умывания купить,80,Commercial,General-Category,Общие категории ухода,https://mhave.ru/catalog/kosmetika/sredstva-dlya-litsa/sredstva-dlya-umyvaniya1/,catalog_section,Low,active
купить средство вокруг глаз от морщин и темных кругов для мужчин,80,Commercial,Problem-Skin,Омоложение & Борьба с морщинами,https://mhave.ru/catalog/kosmetika/sredstva-dlya-litsa/uvlazhnenie-i-pitanie/,catalog_section,Low,active
купить сыворотка от пигментных пятен для лица super,80,Commercial,Problem-Skin,Борьба с пигментацией,https://mhave.ru/catalog/kosmetika/sredstva-dlya-litsa/syvorotki-i-kontsentraty1/,catalog_section,Low,active
купить сыворотка от пигментных пятен для лица super brigh,80,Commercial,Problem-Skin,Борьба с пигментацией,https://mhave.ru/catalog/kosmetika/sredstva-dlya-litsa/syvorotki-i-kontsentraty1/,catalog_section,Low,active
купить сыворотка от пигментных пятен для лица super brightening serum 30мл,80,Commercial,Problem-Skin,Борьба с пигментацией,https://mhave.ru/catalog/kosmetika/sredstva-dlya-litsa/syvorotki-i-kontsentraty1/,catalog_section,Low,active
купить сыворотки и концентраты,80,Commercial,General-Category,Общие категории ухода,https://mhave.ru/catalog/kosmetika/sredstva-dlya-litsa/syvorotki-i-kontsentraty1/,catalog_section,Low,active
купить сыворотки и концентраты купить,80,Commercial,General-Category,Общие категории ухода,https://mhave.ru/catalog/kosmetika/sredstva-dlya-litsa/syvorotki-i-kontsentraty1/,catalog_section,Low,active
купить тонизирование,80,Commercial,General-Category,Общие категории ухода,https://mhave.ru/catalog/kosmetika/sredstva-dlya-litsa/tonizirovanie/,catalog_section,Low,active
купить тонизирование купить,80,Commercial,General-Category,Общие категории ухода,https://mhave.ru/catalog/kosmetika/sredstva-dlya-litsa/tonizirovanie/,catalog_section,Low,active
купить троярика,80,Commercial,Brand,Общие категории ухода,https://mhave.ru/brands/troiareuke/,brand,Low,active
купить троярики косметика,80,Commercial,Brand,Общие категории ухода,https://mhave.ru/brands/troiareuke/,brand,Low,active
купить увлажнение и питание,80,Commercial,General-Category,Общие категории ухода,https://mhave.ru/catalog/kosmetika/sredstva-dlya-litsa/dlya-kozhi-vokrug-glaz/patchi/uvlazhnenie-i-pitanie1/,catalog_section,Low,active
купить увлажнение и питание купить,80,Commercial,General-Category,Общие категории ухода,https://mhave.ru/catalog/kosmetika/sredstva-dlya-litsa/dlya-kozhi-vokrug-glaz/patchi/uvlazhnenie-i-pitanie1/,catalog_section,Low,active
купить фарфоровый массажер троярике,80,Commercial,Brand,Бренд Troiareuke (Корея),https://mhave.ru/brands/troiareuke/,brand,Low,active
купить филорга купить в москве,80,Geo,General-Category,Общие категории ухода,https://mhave.ru/catalog/,catalog_other,Low,active
купить эжени косметика,80,Commercial,Brand,Общие категории ухода,https://mhave.ru/brands/egeny/,brand,Low,active
купить янтарная кислота,80,Commercial,Active-Ingredient,Янтарная кислота & Энергия,https://mhave.ru/catalog/pishchevye-dobavki/yantarnaya-kislota/,catalog_section,Low,active
купить янтарная кислота купить,80,Commercial,Active-Ingredient,Янтарная кислота & Энергия,https://mhave.ru/catalog/pishchevye-dobavki/yantarnaya-kislota/,catalog_section,Low,active
atb lab швейцария,70,Commercial,Country-Origin,Бренд ATB Lab (Швейцария),https://mhave.ru/brands/atb-lab/,brand,Low,active
egeny биологически активные добавки,70,Commercial,Brand,Бренд Egeny (Добавки),https://mhave.ru/brands/egeny/,brand,Low,active
косметика a d love,60,Commercial,General-Category,Общие категории ухода,https://mhave.ru/brands/ad-love/,brand,Low,active
косметика a d love косметика,60,Commercial,General-Category,Общие категории ухода,https://mhave.ru/brands/ad-love/,brand,Low,active
косметика a d love купить,60,Commercial,General-Category,Общие категории ухода,https://mhave.ru/brands/ad-love/,brand,Low,active
косметика a d love коллаген,60,Commercial,Supplements,Коллаген и добавки для кожи,https://mhave.ru/catalog/pishchevye-dobavki/peptidnyy-kollagen/,catalog_section,Low,active
косметика accen маска отзывы,60,Informational,Brand,Общие категории ухода,https://mhave.ru/catalog/kosmetika/sredstva-dlya-litsa/maski1/uvlazhnenie-i-pitanie7/spetsialnyy-ukhod3/nochnaya-vosstanavlivayushchaya-maska-acsen/,catalog_product,Low,active
косметика acsen,60,Commercial,Brand,Уход за проблемной кожей (Акне),https://mhave.ru/brands/acsen/,brand,Low,active
косметика acsen косметика,60,Commercial,Brand,Уход за проблемной кожей (Акне),https://mhave.ru/brands/acsen/,brand,Low,active
косметика acsen купить,60,Commercial,Brand,Уход за проблемной кожей (Акне),https://mhave.ru/brands/acsen/,brand,Low,active
косметика agt косметика купить,60,Commercial,General-Category,Общие категории ухода,https://mhave.ru/catalog/kosmetika/sredstva-dlya-litsa/uvlazhnenie-i-pitanie/agt-hydro-cream-krem-mgnovennoe-uvlazhnenie-a-g-t/,catalog_product,Low,active
косметика atb косметика,60,Commercial,Brand,Бренд ATB Lab (Швейцария),https://mhave.ru/brands/atb-lab/,brand,Low,active
косметика egenu коллаген питьевой персик,60,Commercial,Brand,Коллаген и добавки для кожи,https://mhave.ru/catalog/pishchevye-dobavki/peptidnyy-kollagen/,catalog_section,Low,active
косметика kincare beautifuls,60,Commercial,General-Category,Общие категории ухода,https://mhave.ru/catalog/kosmetika/,catalog_section,Low,active
косметика mawe космецевтика,60,Commercial,General-Category,Общие категории ухода,https://mhave.ru/catalog/kosmetika/,catalog_section,Low,active
косметика mhave,60,Brand-Navigational,General-Category,Общие категории ухода,https://mhave.ru/,static_page,Low,active
косметика mhave интернет магазин,60,Brand-Navigational,General-Category,Общие категории ухода,https://mhave.ru/,static_page,Low,active
косметика mhave ru,60,Brand-Navigational,General-Category,Общие категории ухода,https://mhave.ru/,static_page,Low,active
косметика paese косметика,60,Commercial,General-Category,Общие категории ухода,https://mhave.ru/catalog/kosmetika/,catalog_section,Low,active
косметика slujt косметика,60,Commercial,General-Category,Общие категории ухода,https://mhave.ru/catalog/kosmetika/,catalog_section,Low,active
косметика test mhave,60,Brand-Navigational,General-Category,Общие категории ухода,https://mhave.ru/,static_page,Low,active
косметика test mhave ru,60,Brand-Navigational,General-Category,Общие категории ухода,https://mhave.ru/,static_page,Low,active
косметика vvs,60,Commercial,Brand,Общие категории ухода,https://mhave.ru/brands/vvs/,brand,Low,active
косметика vvs косметика,60,Commercial,Brand,Общие категории ухода,https://mhave.ru/brands/vvs/,brand,Low,active
косметика vvs купить,60,Commercial,Brand,Общие категории ухода,https://mhave.ru/brands/vvs/,brand,Low,active
косметика аксессуары,60,Commercial,General-Category,Общие категории ухода,https://mhave.ru/catalog/aksessuary/,catalog_section,Low,active
косметика аксессуары купить,60,Commercial,General-Category,Общие категории ухода,https://mhave.ru/catalog/aksessuary/,catalog_section,Low,active
косметика ассен маска восстанавливающая,60,Commercial,Brand,Общие категории ухода,https://mhave.ru/catalog/kosmetika/sredstva-dlya-litsa/maski1/uvlazhnenie-i-pitanie7/spetsialnyy-ukhod3/nochnaya-vosstanavlivayushchaya-maska-acsen/,catalog_product,Low,active
косметика атб лаб,60,Commercial,Brand,Бренд ATB Lab (Швейцария),https://mhave.ru/brands/atb-lab/,brand,Low,active
косметика г москва ул ленинская слобода д 26 стр 28 бизнес-центр слободской,60,Geo,General-Category,Общие категории ухода,https://mhave.ru/news/nasha-komanda-v-tsentre-progressa-boksa/,article,Low,active
косметика где в москве купить корейскую косметику премиального качества,60,Commercial,Country-Origin,Корейская косметика - Общие,https://mhave.ru/brands/troiareuke/,brand,Low,active
косметика глубокое очищение,60,Commercial,General-Category,Общие категории ухода,https://mhave.ru/catalog/kosmetika/sredstva-dlya-litsa/glubokoe-ochishchenie/,catalog_section,Low,active
косметика глубокое очищение купить,60,Commercial,General-Category,Общие категории ухода,https://mhave.ru/catalog/kosmetika/sredstva-dlya-litsa/glubokoe-ochishchenie/,catalog_section,Low,active
косметика для кожи вокруг глаз,60,Commercial,General-Category,Общие категории ухода,https://mhave.ru/catalog/kosmetika/sredstva-dlya-litsa/dlya-kozhi-vokrug-glaz/,catalog_section,Low,active
косметика для кожи вокруг глаз купить,60,Commercial,General-Category,Общие категории ухода,https://mhave.ru/catalog/kosmetika/sredstva-dlya-litsa/dlya-kozhi-vokrug-glaz/,catalog_section,Low,active
косметика желе с хондроитином,60,Commercial,General-Category,Общие категории ухода,https://mhave.ru/catalog/pishchevye-dobavki-dlya-zhivotnykh/kollagen-zhele-s-bioaktivnym-komlpeksom-s-khondroitinom-glyukozaminom-msm-i-vitaminami-e-c-dlya-kosh-1390134726/,catalog_product,Low,active
косметика защита от солнца spf,60,Commercial,General-Category,Общие категории ухода,https://mhave.ru/catalog/kosmetika/sredstva-dlya-litsa/kushony-i-bb1/zashchita-ot-solntsa-spf/,catalog_section,Low,active
косметика защита от солнца spf купить,60,Commercial,General-Category,Общие категории ухода,https://mhave.ru/catalog/kosmetika/sredstva-dlya-litsa/kushony-i-bb1/zashchita-ot-solntsa-spf/,catalog_section,Low,active
косметика консилер для лица,60,Commercial,General-Category,Общие категории ухода,https://mhave.ru/catalog/aksessuary/svetodiodnaya-led-maska-dlya-litsa-lifotronic-raymore-50e-dlya-fototerapii-liftinga-i-omolozheniya-k/,catalog_product,Low,active
косметика косметика,60,Commercial,General-Category,Общие категории ухода,https://mhave.ru/catalog/kosmetika/,catalog_section,Low,active
косметика косметика xivowa,60,Commercial,General-Category,Общие категории ухода,https://mhave.ru/catalog/kosmetika/,catalog_section,Low,active
косметика косметика для косметологов профессиональная,60,Commercial,General-Category,Общие категории ухода,https://mhave.ru/catalog/kosmetika/,catalog_section,Low,active
косметика косметика купить,60,Commercial,General-Category,Общие категории ухода,https://mhave.ru/catalog/kosmetika/,catalog_section,Low,active
косметика купить ампульный тоник 2-в-1 чистая кожа интернет-магазин mhave,60,Brand-Navigational,General-Category,Общие категории ухода,https://mhave.ru/,static_page,Low,active
косметика купить уходовую косметику россия,60,Geo,General-Category,Общие категории ухода,https://mhave.ru/catalog/kosmetika/,catalog_section,Low,active
косметика кушоны и bb,60,Commercial,General-Category,Общие категории ухода,https://mhave.ru/catalog/kosmetika/sredstva-dlya-litsa/uvlazhnenie-i-pitanie/kushony-i-bb/,catalog_section,Low,active
косметика кушоны и bb купить,60,Commercial,General-Category,Общие категории ухода,https://mhave.ru/catalog/kosmetika/sredstva-dlya-litsa/uvlazhnenie-i-pitanie/kushony-i-bb/,catalog_section,Low,active
косметика лед маска le maitre,60,Commercial,General-Category,Светодиодные LED маски & Фототерапия,https://mhave.ru/catalog/aksessuary/svetodiodnaya-led-maska-dlya-litsa-lifotronic-raymore-50e-dlya-fototerapii-liftinga-i-omolozheniya-k/,catalog_product,Low,active
косметика лед маска lifotronic инструкция по применению на русском,60,Informational,Brand,Светодиодные LED маски & Фототерапия,https://mhave.ru/catalog/aksessuary/svetodiodnaya-led-maska-dlya-litsa-lifotronic-raymore-50e-dlya-fototerapii-liftinga-i-omolozheniya-k/,catalog_product,Low,active
косметика лед маска lifotronik,60,Commercial,Brand,Светодиодные LED маски & Фототерапия,https://mhave.ru/catalog/aksessuary/svetodiodnaya-led-maska-dlya-litsa-lifotronic-raymore-50e-dlya-fototerapii-liftinga-i-omolozheniya-k/,catalog_product,Low,active
косметика магний с таурином со вкусом черной смородины,60,Commercial,Supplements,Магний Таурат & Поддержка нервной системы,https://mhave.ru/catalog/pishchevye-dobavki/magniy-taurat/,catalog_section,Low,active
косметика маска,60,Commercial,General-Category,Общие категории ухода,https://mhave.ru/catalog/aksessuary/svetodiodnaya-led-maska-dlya-litsa-lifotronic-raymore-50e-dlya-fototerapii-liftinga-i-omolozheniya-k/,catalog_product,Low,active
косметика маска купить,60,Commercial,General-Category,Общие категории ухода,https://mhave.ru/catalog/aksessuary/svetodiodnaya-led-maska-dlya-litsa-lifotronic-raymore-50e-dlya-fototerapii-liftinga-i-omolozheniya-k/,catalog_product,Low,active
косметика маски,60,Commercial,General-Category,Общие категории ухода,https://mhave.ru/catalog/kosmetika/sredstva-dlya-litsa/maski1/,catalog_section,Low,active
косметика маски купить,60,Commercial,General-Category,Общие категории ухода,https://mhave.ru/catalog/kosmetika/sredstva-dlya-litsa/maski1/,catalog_section,Low,active
косметика мхаве это,60,Brand-Navigational,General-Category,Общие категории ухода,https://mhave.ru/,static_page,Low,active
косметика мхэв косметика,60,Brand-Navigational,General-Category,Общие категории ухода,https://mhave.ru/,static_page,Low,active
косметика мхэв официальный сайт косметика контакты,60,Brand-Navigational,General-Category,Общие категории ухода,https://mhave.ru/,static_page,Low,active
косметика натуральный питьевой коллаген egeny с соком шиповника в стиках,60,Commercial,Brand,Коллаген и добавки для кожи,https://mhave.ru/catalog/pishchevye-dobavki/peptidnyy-kollagen/,catalog_section,Low,active
косметика натуральный питьевой коллаген с нейтральным вкусом в стиках,60,Commercial,Supplements,Коллаген и добавки для кожи,https://mhave.ru/catalog/pishchevye-dobavki/peptidnyy-kollagen/,catalog_section,Low,active
косметика патчи купить,60,Commercial,General-Category,Патчи для глаз,https://mhave.ru/catalog/kosmetika/sredstva-dlya-litsa/dlya-kozhi-vokrug-glaz/patchi/,catalog_section,Low,active
косметика пептидный коллаген,60,Commercial,Active-Ingredient,Коллаген и добавки для кожи,https://mhave.ru/catalog/pishchevye-dobavki/peptidnyy-kollagen/,catalog_section,Low,active
косметика пептидный коллаген купить,60,Commercial,Active-Ingredient,Коллаген и добавки для кожи,https://mhave.ru/catalog/pishchevye-dobavki/peptidnyy-kollagen/,catalog_section,Low,active
косметика питьевой коллаген egeny,60,Commercial,Brand,Коллаген и добавки для кожи,https://mhave.ru/catalog/pishchevye-dobavki/peptidnyy-kollagen/,catalog_section,Low,active
косметика пищевые добавки,60,Commercial,Supplements,Общие категории ухода,https://mhave.ru/catalog/pishchevye-dobavki/,catalog_section,Low,active
косметика пищевые добавки для животных,60,Commercial,Supplements,Общие категории ухода,https://mhave.ru/catalog/pishchevye-dobavki-dlya-zhivotnykh/,catalog_section,Low,active
косметика пищевые добавки для животных купить,60,Commercial,Supplements,Общие категории ухода,https://mhave.ru/catalog/pishchevye-dobavki-dlya-zhivotnykh/,catalog_section,Low,active
косметика пищевые добавки купить,60,Commercial,Supplements,Общие категории ухода,https://mhave.ru/catalog/pishchevye-dobavki/,catalog_section,Low,active
косметика премиум косметика,60,Commercial,General-Category,Общие категории ухода,https://mhave.ru/catalog/kosmetika/,catalog_section,Low,active
косметика сайт mhave,60,Brand-Navigational,General-Category,Общие категории ухода,https://mhave.ru/,static_page,Low,active
косметика специальный уход,60,Commercial,General-Category,Общие категории ухода,https://mhave.ru/catalog/kosmetika/sredstva-dlya-litsa/syvorotki-i-kontsentraty1/spetsialnyy-ukhod2/,catalog_section,Low,active
косметика специальный уход купить,60,Commercial,General-Category,Общие категории ухода,https://mhave.ru/catalog/kosmetika/sredstva-dlya-litsa/syvorotki-i-kontsentraty1/spetsialnyy-ukhod2/,catalog_section,Low,active
косметика средства для лица,60,Commercial,General-Category,Общие категории ухода,https://mhave.ru/catalog/kosmetika/sredstva-dlya-litsa/,catalog_section,Low,active
косметика средства для лица купить,60,Commercial,General-Category,Общие категории ухода,https://mhave.ru/catalog/kosmetika/sredstva-dlya-litsa/,catalog_section,Low,active
косметика средства для массажа,60,Commercial,General-Category,Общие категории ухода,https://mhave.ru/catalog/kosmetika/sredstva-dlya-litsa/sredstva-dlya-massazha/,catalog_section,Low,active
косметика средства для массажа купить,60,Commercial,General-Category,Общие категории ухода,https://mhave.ru/catalog/kosmetika/sredstva-dlya-litsa/sredstva-dlya-massazha/,catalog_section,Low,active
косметика средства для тела,60,Commercial,General-Category,Общие категории ухода,https://mhave.ru/catalog/kosmetika/sredstva-dlya-tela/,catalog_section,Low,active
косметика средства для тела купить,60,Commercial,General-Category,Общие категории ухода,https://mhave.ru/catalog/kosmetika/sredstva-dlya-tela/,catalog_section,Low,active
косметика средства для умывания,60,Commercial,General-Category,Общие категории ухода,https://mhave.ru/catalog/kosmetika/sredstva-dlya-litsa/sredstva-dlya-umyvaniya1/,catalog_section,Low,active
косметика средства для умывания купить,60,Commercial,General-Category,Общие категории ухода,https://mhave.ru/catalog/kosmetika/sredstva-dlya-litsa/sredstva-dlya-umyvaniya1/,catalog_section,Low,active
косметика средство вокруг глаз от морщин и темных кругов для мужчин,60,Commercial,Problem-Skin,Омоложение & Борьба с морщинами,https://mhave.ru/catalog/kosmetika/sredstva-dlya-litsa/uvlazhnenie-i-pitanie/,catalog_section,Low,active
косметика сыворотка от пигментных пятен для лица super,60,Commercial,Problem-Skin,Борьба с пигментацией,https://mhave.ru/catalog/kosmetika/sredstva-dlya-litsa/syvorotki-i-kontsentraty1/,catalog_section,Low,active
косметика сыворотка от пигментных пятен для лица super brigh,60,Commercial,Problem-Skin,Борьба с пигментацией,https://mhave.ru/catalog/kosmetika/sredstva-dlya-litsa/syvorotki-i-kontsentraty1/,catalog_section,Low,active
косметика сыворотка от пигментных пятен для лица super brightening serum 30мл,60,Commercial,Problem-Skin,Борьба с пигментацией,https://mhave.ru/catalog/kosmetika/sredstva-dlya-litsa/syvorotki-i-kontsentraty1/,catalog_section,Low,active
косметика сыворотки и концентраты,60,Commercial,General-Category,Общие категории ухода,https://mhave.ru/catalog/kosmetika/sredstva-dlya-litsa/syvorotki-i-kontsentraty1/,catalog_section,Low,active
косметика сыворотки и концентраты купить,60,Commercial,General-Category,Общие категории ухода,https://mhave.ru/catalog/kosmetika/sredstva-dlya-litsa/syvorotki-i-kontsentraty1/,catalog_section,Low,active
косметика тонизирование,60,Commercial,General-Category,Общие категории ухода,https://mhave.ru/catalog/kosmetika/,catalog_section,Low,active
косметика тонизирование купить,60,Commercial,General-Category,Общие категории ухода,https://mhave.ru/catalog/kosmetika/,catalog_section,Low,active
косметика троярика,60,Commercial,Brand,Общие категории ухода,https://mhave.ru/brands/troiareuke/,brand,Low,active
косметика троярики косметика,60,Commercial,Brand,Общие категории ухода,https://mhave.ru/brands/troiareuke/,brand,Low,active
косметика увлажнение и питание,60,Commercial,General-Category,Общие категории ухода,https://mhave.ru/catalog/kosmetika/sredstva-dlya-litsa/dlya-kozhi-vokrug-glaz/patchi/uvlazhnenie-i-pitanie1/,catalog_section,Low,active
косметика увлажнение и питание купить,60,Commercial,General-Category,Общие категории ухода,https://mhave.ru/catalog/kosmetika/sredstva-dlya-litsa/dlya-kozhi-vokrug-glaz/patchi/uvlazhnenie-i-pitanie1/,catalog_section,Low,active
косметика фарфоровый массажер троярике,60,Commercial,Brand,Бренд Troiareuke (Корея),https://mhave.ru/brands/troiareuke/,brand,Low,active
косметика филорга купить в москве,60,Geo,General-Category,Общие категории ухода,https://mhave.ru/catalog/kosmetika/,catalog_section,Low,active
косметика эжени косметика,60,Commercial,Brand,Общие категории ухода,https://mhave.ru/brands/egeny/,brand,Low,active
косметика янтарная кислота,60,Commercial,Active-Ingredient,Янтарная кислота & Энергия,https://mhave.ru/catalog/pishchevye-dobavki/yantarnaya-kislota/,catalog_section,Low,active
косметика янтарная кислота купить,60,Commercial,Active-Ingredient,Янтарная кислота & Энергия,https://mhave.ru/catalog/pishchevye-dobavki/yantarnaya-kislota/,catalog_section,Low,active
a d love отзывы,30,Informational,General-Category,Общие категории ухода,https://mhave.ru/brands/ad-love/,brand,Low,active
a d love косметика отзывы,30,Informational,General-Category,Общие категории ухода,https://mhave.ru/brands/ad-love/,brand,Low,active
a d love купить отзывы,30,Informational,General-Category,Общие категории ухода,https://mhave.ru/brands/ad-love/,brand,Low,active
a d love коллаген отзывы,30,Informational,Supplements,Коллаген и добавки для кожи,https://mhave.ru/catalog/pishchevye-dobavki/peptidnyy-kollagen/,catalog_section,Low,active
accen маска отзывы отзывы,30,Informational,Brand,Общие категории ухода,https://mhave.ru/catalog/kosmetika/sredstva-dlya-litsa/maski1/uvlazhnenie-i-pitanie7/spetsialnyy-ukhod3/nochnaya-vosstanavlivayushchaya-maska-acsen/,catalog_product,Low,active
acsen отзывы,30,Informational,Brand,Уход за проблемной кожей (Акне),https://mhave.ru/brands/acsen/,brand,Low,active
acsen косметика отзывы,30,Informational,Brand,Уход за проблемной кожей (Акне),https://mhave.ru/brands/acsen/,brand,Low,active
acsen купить отзывы,30,Informational,Brand,Уход за проблемной кожей (Акне),https://mhave.ru/brands/acsen/,brand,Low,active
agt косметика купить отзывы,30,Informational,General-Category,Общие категории ухода,https://mhave.ru/catalog/kosmetika/sredstva-dlya-litsa/uvlazhnenie-i-pitanie/agt-hydro-cream-krem-mgnovennoe-uvlazhnenie-a-g-t/,catalog_product,Low,active
atb косметика отзывы,30,Informational,Brand,Бренд ATB Lab (Швейцария),https://mhave.ru/brands/atb-lab/,brand,Low,active
egenu коллаген питьевой персик отзывы,30,Informational,Brand,Коллаген и добавки для кожи,https://mhave.ru/catalog/pishchevye-dobavki/peptidnyy-kollagen/,catalog_section,Low,active
kincare beautifuls отзывы,30,Informational,General-Category,Общие категории ухода,https://mhave.ru/catalog/,catalog_other,Low,active
mawe космецевтика отзывы,30,Informational,General-Category,Общие категории ухода,https://mhave.ru/,static_page,Low,active
mhave отзывы,30,Informational,General-Category,Общие категории ухода,https://mhave.ru/,static_page,Low,active
mhave интернет магазин отзывы,30,Informational,General-Category,Общие категории ухода,https://mhave.ru/,static_page,Low,active
mhave ru отзывы,30,Informational,General-Category,Общие категории ухода,https://mhave.ru/,static_page,Low,active
paese косметика отзывы,30,Informational,General-Category,Общие категории ухода,https://mhave.ru/catalog/kosmetika/,catalog_section,Low,active
slujt косметика отзывы,30,Informational,General-Category,Общие категории ухода,https://mhave.ru/catalog/kosmetika/,catalog_section,Low,active
test mhave отзывы,30,Informational,General-Category,Общие категории ухода,https://mhave.ru/,static_page,Low,active
test mhave ru отзывы,30,Informational,General-Category,Общие категории ухода,https://mhave.ru/,static_page,Low,active
vvs отзывы,30,Informational,Brand,Общие категории ухода,https://mhave.ru/brands/vvs/,brand,Low,active
vvs косметика отзывы,30,Informational,Brand,Общие категории ухода,https://mhave.ru/brands/vvs/,brand,Low,active
vvs купить отзывы,30,Informational,Brand,Общие категории ухода,https://mhave.ru/brands/vvs/,brand,Low,active
аксессуары отзывы,30,Informational,General-Category,Общие категории ухода,https://mhave.ru/catalog/aksessuary/,catalog_section,Low,active
аксессуары купить отзывы,30,Informational,General-Category,Общие категории ухода,https://mhave.ru/catalog/aksessuary/,catalog_section,Low,active
ассен маска восстанавливающая отзывы,30,Informational,Brand,Общие категории ухода,https://mhave.ru/catalog/kosmetika/sredstva-dlya-litsa/maski1/uvlazhnenie-i-pitanie7/spetsialnyy-ukhod3/nochnaya-vosstanavlivayushchaya-maska-acsen/,catalog_product,Low,active
атб лаб отзывы,30,Informational,Brand,Бренд ATB Lab (Швейцария),https://mhave.ru/brands/atb-lab/,brand,Low,active
г москва ул ленинская слобода д 26 стр 28 бизнес-центр слободской отзывы,30,Geo,General-Category,Общие категории ухода,https://mhave.ru/news/nasha-komanda-v-tsentre-progressa-boksa/,article,Low,active
где в москве купить корейскую косметику премиального качества отзывы,30,Informational,Country-Origin,Корейская косметика - Общие,https://mhave.ru/brands/troiareuke/,brand,Low,active
глубокое очищение отзывы,30,Informational,General-Category,Общие категории ухода,https://mhave.ru/catalog/kosmetika/sredstva-dlya-litsa/glubokoe-ochishchenie/,catalog_section,Low,active
глубокое очищение купить отзывы,30,Informational,General-Category,Общие категории ухода,https://mhave.ru/catalog/kosmetika/sredstva-dlya-litsa/glubokoe-ochishchenie/,catalog_section,Low,active
для кожи вокруг глаз отзывы,30,Informational,General-Category,Общие категории ухода,https://mhave.ru/catalog/kosmetika/sredstva-dlya-litsa/dlya-kozhi-vokrug-glaz/,catalog_section,Low,active
для кожи вокруг глаз купить отзывы,30,Informational,General-Category,Общие категории ухода,https://mhave.ru/catalog/kosmetika/sredstva-dlya-litsa/dlya-kozhi-vokrug-glaz/,catalog_section,Low,active
желе с хондроитином отзывы,30,Informational,General-Category,Общие категории ухода,https://mhave.ru/catalog/pishchevye-dobavki-dlya-zhivotnykh/kollagen-zhele-s-bioaktivnym-komlpeksom-s-khondroitinom-glyukozaminom-msm-i-vitaminami-e-c-dlya-kosh-1390134726/,catalog_product,Low,active
защита от солнца spf отзывы,30,Informational,General-Category,Общие категории ухода,https://mhave.ru/catalog/kosmetika/sredstva-dlya-litsa/kushony-i-bb1/zashchita-ot-solntsa-spf/,catalog_section,Low,active
защита от солнца spf купить отзывы,30,Informational,General-Category,Общие категории ухода,https://mhave.ru/catalog/kosmetika/sredstva-dlya-litsa/kushony-i-bb1/zashchita-ot-solntsa-spf/,catalog_section,Low,active
консилер для лица отзывы,30,Informational,General-Category,Общие категории ухода,https://mhave.ru/catalog/aksessuary/svetodiodnaya-led-maska-dlya-litsa-lifotronic-raymore-50e-dlya-fototerapii-liftinga-i-omolozheniya-k/,catalog_product,Low,active
косметика отзывы,30,Informational,General-Category,Общие категории ухода,https://mhave.ru/catalog/kosmetika/,catalog_section,Low,active
косметика xivowa отзывы,30,Informational,General-Category,Общие категории ухода,https://mhave.ru/catalog/kosmetika/,catalog_section,Low,active
косметика для косметологов профессиональная отзывы,30,Informational,General-Category,Общие категории ухода,https://mhave.ru/catalog/kosmetika/,catalog_section,Low,active
косметика купить отзывы,30,Informational,General-Category,Общие категории ухода,https://mhave.ru/catalog/kosmetika/,catalog_section,Low,active
купить ампульный тоник 2-в-1 чистая кожа интернет-магазин mhave отзывы,30,Informational,General-Category,Общие категории ухода,https://mhave.ru/,static_page,Low,active
купить уходовую косметику россия отзывы,30,Geo,General-Category,Общие категории ухода,https://mhave.ru/brands/,static_page,Low,active
кушоны и bb отзывы,30,Informational,General-Category,Общие категории ухода,https://mhave.ru/catalog/kosmetika/sredstva-dlya-litsa/uvlazhnenie-i-pitanie/kushony-i-bb/,catalog_section,Low,active
кушоны и bb купить отзывы,30,Informational,General-Category,Общие категории ухода,https://mhave.ru/catalog/kosmetika/sredstva-dlya-litsa/uvlazhnenie-i-pitanie/kushony-i-bb/,catalog_section,Low,active
лед маска le maitre отзывы,30,Informational,General-Category,Светодиодные LED маски & Фототерапия,https://mhave.ru/catalog/aksessuary/svetodiodnaya-led-maska-dlya-litsa-lifotronic-raymore-50e-dlya-fototerapii-liftinga-i-omolozheniya-k/,catalog_product,Low,active
лед маска lifotronic инструкция по применению на русском отзывы,30,Informational,Brand,Светодиодные LED маски & Фототерапия,https://mhave.ru/catalog/aksessuary/svetodiodnaya-led-maska-dlya-litsa-lifotronic-raymore-50e-dlya-fototerapii-liftinga-i-omolozheniya-k/,catalog_product,Low,active
лед маска lifotronik отзывы,30,Informational,Brand,Светодиодные LED маски & Фототерапия,https://mhave.ru/catalog/aksessuary/svetodiodnaya-led-maska-dlya-litsa-lifotronic-raymore-50e-dlya-fototerapii-liftinga-i-omolozheniya-k/,catalog_product,Low,active
магний с таурином со вкусом черной смородины отзывы,30,Informational,Supplements,Магний Таурат & Поддержка нервной системы,https://mhave.ru/catalog/pishchevye-dobavki/magniy-taurat/,catalog_section,Low,active
маска отзывы,30,Informational,General-Category,Общие категории ухода,https://mhave.ru/catalog/aksessuary/svetodiodnaya-led-maska-dlya-litsa-lifotronic-raymore-50e-dlya-fototerapii-liftinga-i-omolozheniya-k/,catalog_product,Low,active
маска купить отзывы,30,Informational,General-Category,Общие категории ухода,https://mhave.ru/catalog/aksessuary/svetodiodnaya-led-maska-dlya-litsa-lifotronic-raymore-50e-dlya-fototerapii-liftinga-i-omolozheniya-k/,catalog_product,Low,active
маски отзывы,30,Informational,General-Category,Общие категории ухода,https://mhave.ru/catalog/kosmetika/sredstva-dlya-litsa/maski1/,catalog_section,Low,active
маски купить отзывы,30,Informational,General-Category,Общие категории ухода,https://mhave.ru/catalog/kosmetika/sredstva-dlya-litsa/maski1/,catalog_section,Low,active
мхаве это отзывы,30,Informational,General-Category,Общие категории ухода,https://mhave.ru/,static_page,Low,active
мхэв косметика отзывы,30,Informational,General-Category,Общие категории ухода,https://mhave.ru/,static_page,Low,active
мхэв официальный сайт косметика контакты отзывы,30,Informational,General-Category,Общие категории ухода,https://mhave.ru/,static_page,Low,active
натуральный питьевой коллаген egeny с соком шиповника в стиках отзывы,30,Informational,Brand,Коллаген и добавки для кожи,https://mhave.ru/catalog/pishchevye-dobavki/peptidnyy-kollagen/,catalog_section,Low,active
натуральный питьевой коллаген с нейтральным вкусом в стиках отзывы,30,Informational,Supplements,Коллаген и добавки для кожи,https://mhave.ru/catalog/pishchevye-dobavki/peptidnyy-kollagen/,catalog_section,Low,active
патчи купить отзывы,30,Informational,General-Category,Патчи для глаз,https://mhave.ru/catalog/kosmetika/sredstva-dlya-litsa/dlya-kozhi-vokrug-glaz/patchi/,catalog_section,Low,active
пептидный коллаген отзывы,30,Informational,Active-Ingredient,Коллаген и добавки для кожи,https://mhave.ru/catalog/pishchevye-dobavki/peptidnyy-kollagen/,catalog_section,Low,active
пептидный коллаген купить отзывы,30,Informational,Active-Ingredient,Коллаген и добавки для кожи,https://mhave.ru/catalog/pishchevye-dobavki/peptidnyy-kollagen/,catalog_section,Low,active
питьевой коллаген egeny отзывы,30,Informational,Brand,Коллаген и добавки для кожи,https://mhave.ru/catalog/pishchevye-dobavki/peptidnyy-kollagen/,catalog_section,Low,active
пищевые добавки отзывы,30,Informational,Supplements,Общие категории ухода,https://mhave.ru/catalog/pishchevye-dobavki/,catalog_section,Low,active
пищевые добавки для животных отзывы,30,Informational,Supplements,Общие категории ухода,https://mhave.ru/catalog/pishchevye-dobavki-dlya-zhivotnykh/,catalog_section,Low,active
пищевые добавки для животных купить отзывы,30,Informational,Supplements,Общие категории ухода,https://mhave.ru/catalog/pishchevye-dobavki-dlya-zhivotnykh/,catalog_section,Low,active
пищевые добавки купить отзывы,30,Informational,Supplements,Общие категории ухода,https://mhave.ru/catalog/pishchevye-dobavki/,catalog_section,Low,active
премиум косметика отзывы,30,Informational,General-Category,Общие категории ухода,https://mhave.ru/catalog/kosmetika/,catalog_section,Low,active
сайт mhave отзывы,30,Informational,General-Category,Общие категории ухода,https://mhave.ru/,static_page,Low,active
специальный уход отзывы,30,Informational,General-Category,Общие категории ухода,https://mhave.ru/catalog/kosmetika/sredstva-dlya-litsa/syvorotki-i-kontsentraty1/spetsialnyy-ukhod2/,catalog_section,Low,active
специальный уход купить отзывы,30,Informational,General-Category,Общие категории ухода,https://mhave.ru/catalog/kosmetika/sredstva-dlya-litsa/syvorotki-i-kontsentraty1/spetsialnyy-ukhod2/,catalog_section,Low,active
средства для лица отзывы,30,Informational,General-Category,Общие категории ухода,https://mhave.ru/catalog/kosmetika/sredstva-dlya-litsa/,catalog_section,Low,active
средства для лица купить отзывы,30,Informational,General-Category,Общие категории ухода,https://mhave.ru/catalog/kosmetika/sredstva-dlya-litsa/,catalog_section,Low,active
средства для массажа отзывы,30,Informational,General-Category,Общие категории ухода,https://mhave.ru/catalog/kosmetika/sredstva-dlya-litsa/sredstva-dlya-massazha/,catalog_section,Low,active
средства для массажа купить отзывы,30,Informational,General-Category,Общие категории ухода,https://mhave.ru/catalog/kosmetika/sredstva-dlya-litsa/sredstva-dlya-massazha/,catalog_section,Low,active
средства для тела отзывы,30,Informational,General-Category,Общие категории ухода,https://mhave.ru/catalog/kosmetika/sredstva-dlya-tela/,catalog_section,Low,active
средства для тела купить отзывы,30,Informational,General-Category,Общие категории ухода,https://mhave.ru/catalog/kosmetika/sredstva-dlya-tela/,catalog_section,Low,active
средства для умывания отзывы,30,Informational,General-Category,Общие категории ухода,https://mhave.ru/catalog/kosmetika/sredstva-dlya-litsa/sredstva-dlya-umyvaniya1/,catalog_section,Low,active
средства для умывания купить отзывы,30,Informational,General-Category,Общие категории ухода,https://mhave.ru/catalog/kosmetika/sredstva-dlya-litsa/sredstva-dlya-umyvaniya1/,catalog_section,Low,active
средство вокруг глаз от морщин и темных кругов для мужчин отзывы,30,Informational,Problem-Skin,Омоложение & Борьба с морщинами,https://mhave.ru/catalog/kosmetika/sredstva-dlya-litsa/uvlazhnenie-i-pitanie/,catalog_section,Low,active
сыворотка от пигментных пятен для лица super отзывы,30,Informational,Problem-Skin,Борьба с пигментацией,https://mhave.ru/catalog/kosmetika/sredstva-dlya-litsa/syvorotki-i-kontsentraty1/,catalog_section,Low,active
сыворотка от пигментных пятен для лица super brigh отзывы,30,Informational,Problem-Skin,Борьба с пигментацией,https://mhave.ru/catalog/kosmetika/sredstva-dlya-litsa/syvorotki-i-kontsentraty1/,catalog_section,Low,active
сыворотка от пигментных пятен для лица super brightening serum 30мл отзывы,30,Informational,Problem-Skin,Борьба с пигментацией,https://mhave.ru/catalog/kosmetika/sredstva-dlya-litsa/syvorotki-i-kontsentraty1/,catalog_section,Low,active
сыворотки и концентраты отзывы,30,Informational,General-Category,Общие категории ухода,https://mhave.ru/catalog/kosmetika/sredstva-dlya-litsa/syvorotki-i-kontsentraty1/,catalog_section,Low,active
сыворотки и концентраты купить отзывы,30,Informational,General-Category,Общие категории ухода,https://mhave.ru/catalog/kosmetika/sredstva-dlya-litsa/syvorotki-i-kontsentraty1/,catalog_section,Low,active
тонизирование отзывы,30,Informational,General-Category,Общие категории ухода,https://mhave.ru/catalog/kosmetika/sredstva-dlya-litsa/tonizirovanie/,catalog_section,Low,active
тонизирование купить отзывы,30,Informational,General-Category,Общие категории ухода,https://mhave.ru/catalog/kosmetika/sredstva-dlya-litsa/tonizirovanie/,catalog_section,Low,active
троярика отзывы,30,Informational,Brand,Общие категории ухода,https://mhave.ru/brands/troiareuke/,brand,Low,active
троярики косметика отзывы,30,Informational,Brand,Общие категории ухода,https://mhave.ru/brands/troiareuke/,brand,Low,active
увлажнение и питание отзывы,30,Informational,General-Category,Общие категории ухода,https://mhave.ru/catalog/kosmetika/sredstva-dlya-litsa/dlya-kozhi-vokrug-glaz/patchi/uvlazhnenie-i-pitanie1/,catalog_section,Low,active
увлажнение и питание купить отзывы,30,Informational,General-Category,Общие категории ухода,https://mhave.ru/catalog/kosmetika/sredstva-dlya-litsa/dlya-kozhi-vokrug-glaz/patchi/uvlazhnenie-i-pitanie1/,catalog_section,Low,active
фарфоровый массажер троярике отзывы,30,Informational,Brand,Бренд Troiareuke (Корея),https://mhave.ru/brands/troiareuke/,brand,Low,active
филорга купить в москве отзывы,30,Geo,General-Category,Общие категории ухода,https://mhave.ru/catalog/,catalog_other,Low,active
эжени косметика отзывы,30,Informational,Brand,Общие категории ухода,https://mhave.ru/brands/egeny/,brand,Low,active
янтарная кислота отзывы,30,Informational,Active-Ingredient,Янтарная кислота & Энергия,https://mhave.ru/catalog/pishchevye-dobavki/yantarnaya-kislota/,catalog_section,Low,active
янтарная кислота купить отзывы,30,Informational,Active-Ingredient,Янтарная кислота & Энергия,https://mhave.ru/catalog/pishchevye-dobavki/yantarnaya-kislota/,catalog_section,Low,active
mhave.ru,8,Brand-Navigational,General-Category,Общие категории ухода,https://mhave.ru/,static_page,Low,active
egeny коллаген купить,4,Commercial,Brand,Коллаген и добавки для кожи,https://mhave.ru/catalog/pishchevye-dobavki/peptidnyy-kollagen/,catalog_section,Low,active
egeny energy коллаген,3,Commercial,Brand,Коллаген и добавки для кожи,https://mhave.ru/catalog/pishchevye-dobavki/peptidnyy-kollagen/,catalog_section,Low,active
egeny контакты,3,Commercial,Brand,Бренд Egeny (Добавки),https://mhave.ru/brands/egeny/,brand,Low,active
troiareuke косметика,2,Commercial,Brand,Бренд Troiareuke (Корея),https://mhave.ru/brands/troiareuke/,brand,Low,active
a.d.love коллаген,2,Commercial,Supplements,Коллаген и добавки для кожи,https://mhave.ru/catalog/pishchevye-dobavki/peptidnyy-kollagen/,catalog_section,Low,active
egeny янтарная кислота,2,Commercial,Brand,Янтарная кислота & Энергия,https://mhave.ru/catalog/pishchevye-dobavki/yantarnaya-kislota/,catalog_section,Low,active
troiareuke anti-wrinkle eye cream,2,Commercial,Brand,Бренд Troiareuke (Корея),https://mhave.ru/brands/troiareuke/,brand,Low,active
"г. москва, ул. ленинская слобода, д. 26, стр. 28, бизнес-центр ""слободской""",2,Geo,General-Category,Общие категории ухода,https://mhave.ru/news/nasha-komanda-v-tsentre-progressa-boksa/,article,Low,active
egeny колл,2,Commercial,Brand,Бренд Egeny (Добавки),https://mhave.ru/brands/egeny/,brand,Low,active
MHAVE,1,Brand-Navigational,General-Category,Общие категории ухода,https://mhave.ru/,static_page,Low,active
Mhave.ru,1,Brand-Navigational,General-Category,Общие категории ухода,https://mhave.ru/,static_page,Low,active
atb lab m have,1,Commercial,Brand,Бренд ATB Lab (Швейцария),https://mhave.ru/brands/atb-lab/,brand,Low,active
egeny коллаген 30,1,Commercial,Brand,Коллаген и добавки для кожи,https://mhave.ru/catalog/pishchevye-dobavki/peptidnyy-kollagen/,catalog_section,Low,active
host:mhave.ru,1,Brand-Navigational,General-Category,Общие категории ухода,https://mhave.ru/,static_page,Low,active
site:https://mhave.ru,1,Brand-Navigational,General-Category,Общие категории ухода,https://mhave.ru/,static_page,Low,active
troiareuke миниатюры косметических средств,1,Commercial,Brand,Бренд Troiareuke (Корея),https://mhave.ru/brands/troiareuke/,brand,Low,active
Натуральный питьевой коллаген с нейтральным вкусом в стиках,1,Commercial,Supplements,Коллаген и добавки для кожи,https://mhave.ru/catalog/pishchevye-dobavki/peptidnyy-kollagen/,catalog_section,Low,active
коллаген egeny mhave health,1,Brand-Navigational,Brand,Коллаген и добавки для кожи,https://mhave.ru/,static_page,Low,active
коллаген egeny в стиках срок годности,1,Commercial,Brand,Коллаген и добавки для кожи,https://mhave.ru/catalog/pishchevye-dobavki/peptidnyy-kollagen/,catalog_section,Low,active
"купить ампульный тоник 2-в-1 ""чистая кожа"" | интернет-магазин mhave",1,Brand-Navigational,General-Category,Общие категории ухода,https://mhave.ru/,static_page,Low,active
сыворотка от пигментных пятен для лица SUPER BRIGH,1,Commercial,Problem-Skin,Борьба с пигментацией,https://mhave.ru/catalog/kosmetika/sredstva-dlya-litsa/syvorotki-i-kontsentraty1/,catalog_section,Low,active
troiareuke anti-wrinkle отзывы,1,Informational,Brand,Бренд Troiareuke (Корея),https://mhave.ru/brands/troiareuke/,brand,Low,active
коллаген egeny малина,1,Commercial,Brand,Коллаген и добавки для кожи,https://mhave.ru/catalog/pishchevye-dobavki/peptidnyy-kollagen/,catalog_section,Low,active
test.mhave,1,Brand-Navigational,General-Category,Общие категории ухода,https://mhave.ru/,static_page,Low,active
test.mhave.,1,Brand-Navigational,General-Category,Общие категории ухода,https://mhave.ru/,static_page,Low,active
atb lab биоинженер,1,Commercial,Brand,Бренд ATB Lab (Швейцария),https://mhave.ru/brands/atb-lab/,brand,Low,active
a.d.love,1,Commercial,General-Category,Общие категории ухода,https://mhave.ru/brands/ad-love/,brand,Low,active
test.mhave.ru,1,Brand-Navigational,General-Category,Общие категории ухода,https://mhave.ru/,static_page,Low,active
kincare +beautifuls,1,Commercial,General-Category,Общие категории ухода,https://mhave.ru/catalog/,catalog_other,Low,active
коллаген egeny 7000 мг,1,Commercial,Brand,Коллаген и добавки для кожи,https://mhave.ru/catalog/pishchevye-dobavki/peptidnyy-kollagen/,catalog_section,Low,active
troiareuke косметика купить,1,Commercial,Brand,Бренд Troiareuke (Корея),https://mhave.ru/brands/troiareuke/,brand,Low,active
коллаген egeny вишня,1,Commercial,Brand,Коллаген и добавки для кожи,https://mhave.ru/catalog/pishchevye-dobavki/peptidnyy-kollagen/,catalog_section,Low,active
магний таурат ооо эжени,1,Commercial,Brand,Магний Таурат & Поддержка нервной системы,https://mhave.ru/catalog/pishchevye-dobavki/magniy-taurat/,catalog_section,Low,active
коллаген egeny нейтральный,1,Commercial,Brand,Коллаген и добавки для кожи,https://mhave.ru/catalog/pishchevye-dobavki/peptidnyy-kollagen/,catalog_section,Low,active
troiareuke anti-wrinkle патчи для глаз отзывы,0,Informational,Brand,Патчи для глаз,https://mhave.ru/catalog/kosmetika/sredstva-dlya-litsa/dlya-kozhi-vokrug-glaz/patchi/,catalog_section,Low,active
"troiareuke крем для лица универсальный, увлажняющий ""энергия клеток"" energy cream, 125 мл корея. купить в москве",0,Geo,Country-Origin,Бренд Troiareuke (Корея),https://mhave.ru/brands/troiareuke/,brand,Low,active
troiareuke косметика официальный сайт,0,Commercial,Brand,Бренд Troiareuke (Корея),https://mhave.ru/brands/troiareuke/,brand,Low,active
egeny troipeel,0,Commercial,Brand,Бренд Egeny (Добавки),https://mhave.ru/brands/egeny/,brand,Low,active
egeny 'ythutybr,0,Commercial,Brand,Бренд Egeny (Добавки),https://mhave.ru/brands/egeny/,brand,Low,active
egeny.ru,0,Commercial,Brand,Бренд Egeny (Добавки),https://mhave.ru/brands/egeny/,brand,Low,active
